--- Users Table
CREATE TABLE users (
    id UUID PRIMARY KEY DEFAULT uuid_generate_v4(),
    username VARCHAR(50) NOT NULL UNIQUE,
    email VARCHAR(100) NOT NULL UNIQUE,
    password_hash VARCHAR(255) NOT NULL,
    role VARCHAR(20) CHECK (role IN ('admin', 'user')) DEFAULT 'user',
    first_name VARCHAR(50),
    last_name VARCHAR(50),
    created_at TIMESTAMP DEFAULT CURRENT_TIMESTAMP
);

-- review ica
CREATE TABLE IF NOT EXISTS reviews (
    id UUID PRIMARY KEY DEFAULT uuid_generate_v4(),
    user_id UUID REFERENCES users(id) ON DELETE SET NULL,
    rating DECIMAL(3,2) CHECK (rating >= 0 AND rating <= 5),  
    content TEXT NOT NULL,
    spot_id UUID REFERENCES spots(id) ON DELETE CASCADE,
    resto_id UUID REFERENCES restaurants(id) ON DELETE CASCADE,      
    created_at TIMESTAMP DEFAULT CURRENT_TIMESTAMP
);


CREATE TABLE IF NOT EXISTS kategori_restaurant (
    id UUID PRIMARY KEY DEFAULT uuid_generate_v4(),
    kategori VARCHAR(100) NOT NULL
);

INSERT INTO kategori_restaurant (kategori)
VALUES
    ('Sweetness Overload'),
    ('Umami-rich'),
    ('Fine Dining'),
    ('Amigos (Agak MInggir GOt Sedikit)'),
    ('Sip and savor'),
    ('Brew Coffee');


CREATE TABLE IF NOT EXISTS kategori_spot (
    id UUID PRIMARY KEY DEFAULT uuid_generate_v4(),
    kategori VARCHAR(100) NOT NULL
);

INSERT INTO kategori_spot (kategori)
VALUES
    ('Atraksi'),
    ('Tempat Nongkrong'),
    ('Entertainment'),
    ('Refleksi'),
    ('Rohani'),
    ('Family Friendly');

CREATE TABLE IF NOT EXISTS restaurants (
    id UUID PRIMARY KEY DEFAULT uuid_generate_v4(),
    namaRestaurant VARCHAR(100) NOT NULL,
    kategoriRestaurant_id UUID REFERENCES kategori_restaurant(id),
    lokasi VARCHAR(100) NOT NULL CHECK (lokasi IN (
        'Blok-M Square',
        'Plaza Blok-M',
        'Melawai',
        'Taman Literasi',
        'Barito',
        'Gulai Tikungan (Mahakam)',
        'Senayan',
        'Kebayoran Baru'
    )),
    rating DECIMAL(3,2) CHECK (rating >= 0 AND rating <= 5),  
    price NUMRANGE NOT NULL,
    informasiRestaurant TEXT NOT NULL,
    created_at TIMESTAMP DEFAULT CURRENT_TIMESTAMP,
    updated_at TIMESTAMP DEFAULT CURRENT_TIMESTAMP
);

CREATE TABLE spots (
    id UUID PRIMARY KEY DEFAULT uuid_generate_v4(),
    namaTempat VARCHAR(100) NOT NULL,
    kategoriSpot_id UUID REFERENCES kategori_spot(id),
    lokasi VARCHAR(100) NOT NULL CHECK (lokasi IN (
        'Blok-M Square',
        'Plaza Blok-M',
        'Melawai',
        'Taman Literasi',
        'Barito',
        'Gulai Tikungan (Mahakam)',
        'Senayan',
        'Kebayoran Baru'
    )),
    rating DECIMAL(3,2) CHECK (rating >= 0 AND rating <= 5),
    price NUMRANGE NOT NULL,
    created_at TIMESTAMP DEFAULT CURRENT_TIMESTAMP
);

--- Tabel Catalog
CREATE TABLE IF NOT EXISTS catalogs (
    id UUID PRIMARY KEY DEFAULT uuid_generate_v4(),
    namaCatalog VARCHAR(100) NOT NULL,
    kategoriRestaurant_id UUID REFERENCES kategori_restaurant(id),  
    lokasi VARCHAR(100) NOT NULL CHECK (lokasi IN (
        'Blok-M Square',
        'Plaza Blok-M',
        'Melawai',
        'Taman Literasi',
        'Barito',
        'Gulai Tikungan (Mahakam)',
        'Senayan',
        'Kebayoran Baru'
    )),
    /*rating DECIMAL(3,2) CHECK (rating >= 0 AND rating <= 5),*/
    harga INTEGER NOT NULL,
    deskripsiCatalog TEXT NOT NULL,
    restaurant_id UUID REFERENCES restaurant(id) ON DELETE CASCADE, 
    created_at TIMESTAMP DEFAULT CURRENT_TIMESTAMP,
    updated_at TIMESTAMP DEFAULT CURRENT_TIMESTAMP
);

--- Artikel Tabel
CREATE TABLE IF NOT EXISTS articles (
    id UUID PRIMARY KEY DEFAULT uuid_generate_v4(),
    judulArtikel VARCHAR(255) NOT NULL,
    kontenArtikel TEXT NOT NULL,
    image_url VARCHAR(255),
    restaurant_id UUID REFERENCES restaurants(id) ON DELETE SET NULL,
    spot_id UUID REFERENCES spots(id) ON DELETE SET NULL,
    created_at TIMESTAMP DEFAULT CURRENT_TIMESTAMP,
    updated_at TIMESTAMP DEFAULT CURRENT_TIMESTAMP
);

INSERT INTO restaurants (namaRestaurant, kategoriRestaurant_id, lokasi, rating, price, informasiRestaurant)
VALUES
('Aoki Japanese Cuisine', '06caa38d-0b7d-4622-b44f-9460df9431e2', 'Gulai Tikungan (Mahakam)', 4.8, numrange(200000, NULL, '[]'), 'Hotel Gran Mahakam, Lantai Lower Lobby, Jl. Mahakam I No. 8, Blok M, Kebayoran Baru, Jakarta Selatan'),
('Le Gran Cafe', '06caa38d-0b7d-4622-b44f-9460df9431e2', 'Gulai Tikungan (Mahakam)', 4.7, numrange(200000, NULL, '[]'), 'Hotel Gran Mahakam, Lantai Mezzanine, Jl. Mahakam I No. 8, Blok M, Kebayoran Baru, Jakarta Selatan'),
('Sir Loin', '06caa38d-0b7d-4622-b44f-9460df9431e2', 'Melawai', 4.5, numrange(200000, NULL, '[]'), 'Jl. Bumi No. 20, Blok M, Kebayoran Baru, Jakarta Selatan'),
('Tokyo Skipjack', '06caa38d-0b7d-4622-b44f-9460df9431e2', 'Melawai', 4.6, numrange(200000, NULL, '[]'), 'Jl. Bulungan Raya No. 20, Blok M, Kebayoran Baru, Jakarta Selatan'),
('Roji Ramen', '24f9e381-e385-4901-af1f-8712aa043287', 'Melawai', 4.5, numrange(50000, 100000, '[]'), 'Jl. Kyai Maja Blok E No. 78 - 79, Blok M, Kebayoran Baru, Jakarta Selatan'),
('Born Ga', '24f9e381-e385-4901-af1f-8712aa043287', 'Melawai', 4.6, numrange(100000, 200000, '[]'), 'Jl. Bulungan Raya No. 14, Blok M, Kebayoran Baru, Jakarta Selatan'),
('Restaurant Sarang Oci', '24f9e381-e385-4901-af1f-8712aa043287', 'Melawai', 4.4, numrange(50000, 100000, '[]'), 'Jl. Bulungan No. 24, Blok M, Kebayoran Baru, Jakarta Selatan'),
('Futago Ya', 'b1c80387-3f85-42bc-ad41-749d3bdb1400', 'Melawai', 4.5, numrange(50000, 100000, '[]'), 'Jl. Sultan Hasanudin Dalam No. 24, Blok M, Kebayoran Baru, Jakarta Selatan'),
('Yoiko Ramen 415', 'b1c80387-3f85-42bc-ad41-749d3bdb1400', 'Gulai Tikungan (Mahakam)', 4.7, numrange(100000, 200000, '[]'), 'Jl. Mahakam I No. 11B (Lantai 4), Blok M, Kebayoran Baru, Jakarta Selatan'),
('Haka Dimsum Shop', 'b1c80387-3f85-42bc-ad41-749d3bdb1400', 'Melawai', 4.4, numrange(50000, 100000, '[]'), 'Indomaret, Lantai 2, Jl. Sultan Hasanudin Dalam No. 3, Blok M, Kebayoran Baru, Jakarta Selatan'),
('One Eight Pizza Joint', 'dd31b488-e1b8-4b6f-af1d-e7b77cfc753b', 'Melawai', 4.3, numrange(25000, 50000, '[]'), 'Jl. Sunan Kalijaga No. 3, Blok M, Kebayoran Baru, Jakarta Selatan'),
('Iga Bakar Gempal', 'dd31b488-e1b8-4b6f-af1d-e7b77cfc753b', 'Melawai', 4.4, numrange(25000, 50000, '[]'), 'Jl. Kyai Maja No. 59, Blok M, Kebayoran Baru, Jakarta Selatan'),
('Oppa Dosirak', 'dd31b488-e1b8-4b6f-af1d-e7b77cfc753b', 'Plaza Blok-M', 4.5, numrange(25000, 50000, '[]'), 'Plaza Blok M, Lantai 6, Jl. Bulungan No. 76, Blok M, Kebayoran Baru, Jakarta Selatan'),
('Anomali Coffee', 'e44df26f-89fe-42f7-95fe-54dcf5a0110d', 'Melawai', 4.7, numrange(40000, 85000, '[]'), 'Jl. Melawai IX No. 9, Blok M, Jakarta Selatan'),
('Kopi Tuku', 'e44df26f-89fe-42f7-95fe-54dcf5a0110d', 'Melawai', 4.8, numrange(25000, 60000, '[]'), 'Jl. Sultan Hasanuddin Dalam No.25, Melawai, Jakarta Selatan'),
('Djournal Coffee', 'e44df26f-89fe-42f7-95fe-54dcf5a0110d', 'Melawai', 4.6, numrange(35000, 80000, '[]'), 'Jl. Melawai Raya No. 18, Blok M, Jakarta Selatan'),
('Filosofi Kopi', 'e44df26f-89fe-42f7-95fe-54dcf5a0110d', 'Melawai', 4.7, numrange(40000, 90000, '[]'), 'Jl. Melawai Raya No. 32, Blok M, Jakarta Selatan'),
('Mack''s Creamery', 'f3dc6d82-d92d-4eef-988f-14cd714ac48e', 'Melawai', 4.7, numrange(35000, 75000, '[]'), 'Jl. Melawai 3 No. 10, Blok M, Jakarta Selatan'),
('Matchaman', 'f3dc6d82-d92d-4eef-988f-14cd714ac48e', 'Melawai', 4.6, numrange(40000, 85000, '[]'), 'Jl. Sultan Hasanuddin Dalam No.2, Melawai, Jakarta Selatan'),
('Fudgybro', 'f3dc6d82-d92d-4eef-988f-14cd714ac48e', 'Melawai', 4.8, numrange(50000, 60000, '[]'), 'Jl. Melawai IV No.5 (sebelah Family Mart), Blok M, Jakarta Selatan'),
('Maiku Tiramisu', 'f3dc6d82-d92d-4eef-988f-14cd714ac48e', 'Melawai', 4.5, numrange(65000, 77000, '[]'), 'Jl. Melawai 6 No.19, Melawai, Jakarta Selatan'),
('London Layers', 'f3dc6d82-d92d-4eef-988f-14cd714ac48e', 'Blok-M Square', 4.6, numrange(45000, 90000, '[]'), 'Blok M Square, Jl. Melawai Raya, Jakarta Selatan');

INSERT INTO catalogs (namaKatalog, kategoriRestaurant_id, lokasi, harga, deskripsiKatalog, restaurant_id)
VALUES
('Aoki Japanese Cuisine', '06caa38d-0b7d-4622-b44f-9460df9431e2', 'Gulai Tikungan (Mahakam)', 280000, 'deskripsi aoki', 'aa541c70-af67-4e80-a50e-872f0f4fffa3'),
('Aoki Japanese Cuisine', '06caa38d-0b7d-4622-b44f-9460df9431e2', 'Gulai Tikungan (Mahakam)', 280000, 'deskripsi aoki', 'aa541c70-af67-4e80-a50e-872f0f4fffa3'),
('Aoki Japanese Cuisine', '06caa38d-0b7d-4622-b44f-9460df9431e2', 'Gulai Tikungan (Mahakam)', 280000, 'deskripsi aoki', 'aa541c70-af67-4e80-a50e-872f0f4fffa3'),
('Aoki Japanese Cuisine', '06caa38d-0b7d-4622-b44f-9460df9431e2', 'Gulai Tikungan (Mahakam)', 280000, 'deskripsi aoki', 'aa541c70-af67-4e80-a50e-872f0f4fffa3'),
('Aoki Japanese Cuisine', '06caa38d-0b7d-4622-b44f-9460df9431e2', 'Gulai Tikungan (Mahakam)', 280000, 'deskripsi aoki', 'aa541c70-af67-4e80-a50e-872f0f4fffa3'),

('Le Gran Cafe', '06caa38d-0b7d-4622-b44f-9460df9431e2', 'Gulai Tikungan (Mahakam)', 370000, 'Deskripsi le gran cafe', '4c5280c3-a987-4c45-b81c-0c6f19e46c17'),
('Le Gran Cafe', '06caa38d-0b7d-4622-b44f-9460df9431e2', 'Gulai Tikungan (Mahakam)', 370000, 'Deskripsi le gran cafe', '4c5280c3-a987-4c45-b81c-0c6f19e46c17'),
('Le Gran Cafe', '06caa38d-0b7d-4622-b44f-9460df9431e2', 'Gulai Tikungan (Mahakam)', 370000, 'Deskripsi le gran cafe', '4c5280c3-a987-4c45-b81c-0c6f19e46c17'),
('Le Gran Cafe', '06caa38d-0b7d-4622-b44f-9460df9431e2', 'Gulai Tikungan (Mahakam)', 370000, 'Deskripsi le gran cafe', '4c5280c3-a987-4c45-b81c-0c6f19e46c17'),
('Le Gran Cafe', '06caa38d-0b7d-4622-b44f-9460df9431e2', 'Gulai Tikungan (Mahakam)', 370000, 'Deskripsi le gran cafe', '4c5280c3-a987-4c45-b81c-0c6f19e46c17'),

('Sir Loin', '06caa38d-0b7d-4622-b44f-9460df9431e2', 'Melawai', 242000, 'deskripsi sir loin', 'fb0121b2-28cb-44ea-8e33-8e2906cd5bea'),
('Sir Loin', '06caa38d-0b7d-4622-b44f-9460df9431e2', 'Melawai', 242000, 'deskripsi sir loin', 'fb0121b2-28cb-44ea-8e33-8e2906cd5bea'),
('Sir Loin', '06caa38d-0b7d-4622-b44f-9460df9431e2', 'Melawai', 242000, 'deskripsi sir loin', 'fb0121b2-28cb-44ea-8e33-8e2906cd5bea'),
('Sir Loin', '06caa38d-0b7d-4622-b44f-9460df9431e2', 'Melawai', 242000, 'deskripsi sir loin', 'fb0121b2-28cb-44ea-8e33-8e2906cd5bea'),
('Sir Loin', '06caa38d-0b7d-4622-b44f-9460df9431e2', 'Melawai', 242000, 'deskripsi sir loin', 'fb0121b2-28cb-44ea-8e33-8e2906cd5bea'),

('Tokyo Skipjack', '06caa38d-0b7d-4622-b44f-9460df9431e2', 'Melawai', 320000, 'deskripsi tokyo', 'cc140523-b742-43fa-9e90-df0866b4a627'),
('Tokyo Skipjack', '06caa38d-0b7d-4622-b44f-9460df9431e2', 'Melawai', 320000, 'deskripsi tokyo', 'cc140523-b742-43fa-9e90-df0866b4a627'),
('Tokyo Skipjack', '06caa38d-0b7d-4622-b44f-9460df9431e2', 'Melawai', 320000, 'deskripsi tokyo', 'cc140523-b742-43fa-9e90-df0866b4a627'),
('Tokyo Skipjack', '06caa38d-0b7d-4622-b44f-9460df9431e2', 'Melawai', 320000, 'deskripsi tokyo', 'cc140523-b742-43fa-9e90-df0866b4a627'),
('Tokyo Skipjack', '06caa38d-0b7d-4622-b44f-9460df9431e2', 'Melawai', 320000, 'deskripsi tokyo', 'cc140523-b742-43fa-9e90-df0866b4a627'),




('Roji Ramen', '24f9e381-e385-4901-af1f-8712aa043287', 'Melawai', 60000, 'deskripsi roji', '8c545cac-8019-4656-a522-03947bd75426'),

('Born Ga', '24f9e381-e385-4901-af1f-8712aa043287', 'Melawai', 180000, 'deskripsi born ga', '3890d9e3-7b55-4c53-b394-91e012c50e64'),

('Restaurant Sarang Oci', '24f9e381-e385-4901-af1f-8712aa043287', 'Melawai', 62000, 'deskripsi sarang oci', '497e691f-5f01-4294-8d42-8ed49a3bb8f6'),




('Futago Ya', 'b1c80387-3f85-42bc-ad41-749d3bdb1400', 'Melawai', 85000, 'deskripsi futago', 'ff608bf0-31db-4dc6-a975-70a904cdd602'),

('Yoiko Ramen 415', 'b1c80387-3f85-42bc-ad41-749d3bdb1400', 'Gulai Tikungan (Mahakam)', 120000, 'deskripsi yoiko ramen', '597895f9-d5cb-4e04-a998-226770efcc0a'),

('Haka Dimsum Shop', 'b1c80387-3f85-42bc-ad41-749d3bdb1400', 'Melawai', 85000, 'deskripsi haka', '3310ed44-b609-47f1-a65b-d9951fca49ef'),




('One Eight Pizza Joint', 'dd31b488-e1b8-4b6f-af1d-e7b77cfc753b', 'Melawai', 25000, 'deksripsi one eight', '1637db95-8ff7-4b62-b91d-f367a9704ef3'),

('Iga Bakar Gempal', 'dd31b488-e1b8-4b6f-af1d-e7b77cfc753b', 'Melawai', 32000, 'deskripsi iga bakar gempal','62b98a55-e8d3-4bab-9859-e1301c2db63a'),

('Oppa Dosirak', 'dd31b488-e1b8-4b6f-af1d-e7b77cfc753b', 'Plaza Blok-M', 44000, 'deskripsi oppa dosirak', 'cd7e4919-29a3-4aa8-9380-b95a2aff789e'),




('Anomali Coffee', 'e44df26f-89fe-42f7-95fe-54dcf5a0110d', 'Melawai', 82000, 'deskripsi anomali', 'd0c7765f-f109-4f69-a9c4-14fde6c8255c'),

('Kopi Tuku', 'e44df26f-89fe-42f7-95fe-54dcf5a0110d', 'Melawai', 42000, 'deskripsi kopi tuku', 'b9be96b3-aa8b-418a-af06-a953bb61682e'),

('Djournal Coffee', 'e44df26f-89fe-42f7-95fe-54dcf5a0110d', 'Melawai', 45000, 'deskripsi djournal', '3ee8d1f9-02a1-4a29-bba4-a1f792b83b4f'),

('Filosofi Kopi', 'e44df26f-89fe-42f7-95fe-54dcf5a0110d', 'Melawai', 72000, 'deskripsi filosofi', 'cb8c9d33-a6df-4599-80bf-d9e3b645c163'),




('Mack''s Creamery', 'f3dc6d82-d92d-4eef-988f-14cd714ac48e', 'Melawai', 38000, 'deskripsi mack''s', 'ab3525a3-87bc-45c6-a758-12ed1074c093'),

('Matchaman', 'f3dc6d82-d92d-4eef-988f-14cd714ac48e', 'Melawai', 42000, 'deskripsi matchaman', '3c2df3d5-d157-4400-8865-e3b159f7a695'),

('Fudgybro', 'f3dc6d82-d92d-4eef-988f-14cd714ac48e', 'Melawai', 55000, 'deskripsi fudgybro', '4c1a0098-60d1-4414-8c3e-4bee79ff35dd'),

('Maiku Tiramisu', 'f3dc6d82-d92d-4eef-988f-14cd714ac48e', 'Melawai', 68000, 'deskripsi maiku', '1e672b6c-07cf-485c-bb0e-4cce9dfe97df'),

('London Layers', 'f3dc6d82-d92d-4eef-988f-14cd714ac48e', 'Blok-M Square', 62000, 'deskripsi london layers', 'ba594936-d07e-482e-bbc5-e722430715b9');


INSERT INTO spots (namaTempat, kategoriSpot_id, lokasi, rating, price)
VALUES
    ('Taman Literasi Martha Christina Tiahahu', '239ca4c5-4e34-42df-aa68-5898d5e9da04', 'Taman Literasi', 4.0, numrange(30000, 75000, '[]')),
    ('M Bloc Space', '5483fc45-85aa-453d-be48-a3790be1da21', 'Melawai', 4.5, numrange(55000, 150000, '[]')),
    ('Little Tokyo Blok M', '239ca4c5-4e34-42df-aa68-5898d5e9da04', 'Melawai', 4.6, numrange(75000, 150000, '[]')),
    ('Taman Ayodya', '239ca4c5-4e34-42df-aa68-5898d5e9da04', 'Barito', 4.45, numrange(35000, 75000, '[]')),
    ('Blok M Square', '5483fc45-85aa-453d-be48-a3790be1da21', 'Blok-M Square', 4.5, numrange(50000, 150000, '[]')),
    ('Blok M Plaza', '5483fc45-85aa-453d-be48-a3790be1da21', 'Plaza Blok-M', 4.4, numrange(50000, 150000, '[]')),
    ('Potrait Flagship', 'a567aed4-2f5a-4d33-b752-0f402ddeb4f5', 'Blok-M Square', 4.0, numrange(50000, 155000, '[]')),
    ('Natural Therapy Spa', '1a67123b-1dfd-4375-abcb-80f348a8b2a5', 'Plaza Blok-M', 4.3, numrange(30000, 200000, '[]')),
    ('Zoomoov Plaza Blok M', '4e7404b6-d28d-472b-a12b-fbd41d315a79', 'Plaza Blok-M', 4.25, numrange(65000, 150000, '[]')),
    ('ASTHA District', '239ca4c5-4e34-42df-aa68-5898d5e9da04', 'Senayan', 4.8, numrange(125000, 350000, '[]')),
    ('Masjid Al - Azhar', '3b2f7147-a82a-484a-8a1b-17f59631f2bb', 'Kebayoran Baru', 4.95, numrange(30000, 75000, '[]')),
    ('Blok - S', '239ca4c5-4e34-42df-aa68-5898d5e9da04', 'Kebayoran Baru', 4.75, numrange(25000, 100000, '[]')),
    ('Masjid Nurul Iman', '3b2f7147-a82a-484a-8a1b-17f59631f2bb', 'Blok-M Square', 5.0, numrange(30000, 75000, '[]')),
    ('ISA Art & Design', 'a567aed4-2f5a-4d33-b752-0f402ddeb4f5', 'Kebayoran Baru', 4.45, numrange(85000, 750000, '[]')),
    ('Ruci Artspace', 'a567aed4-2f5a-4d33-b752-0f402ddeb4f5', 'Senayan', 4.55, numrange(85000, 500000, '[]')),
    ('Pasar Kue Subuh', '4e7404b6-d28d-472b-a12b-fbd41d315a79', 'Blok-M Square', 4.8, numrange(15000, 150000, '[]')),
    ('The F Thing Store', 'a567aed4-2f5a-4d33-b752-0f402ddeb4f5', 'Plaza Blok-M', 4.75, numrange(50000, 300000, '[]')),
    ('Post Santa', '239ca4c5-4e34-42df-aa68-5898d5e9da04', 'Kebayoran Baru', 4.75, numrange(45000, 150000, '[]')),
    ('M Bloc Market', '4e7404b6-d28d-472b-a12b-fbd41d315a79', 'Melawai', 4.55, numrange(45000, 250000, '[]')),
    ('Aksara Bookstore', 'a567aed4-2f5a-4d33-b752-0f402ddeb4f5', 'Blok-M Square', 4.6, numrange(65000, 155000, '[]')),
    ('Taman Langsat', '239ca4c5-4e34-42df-aa68-5898d5e9da04', 'Barito', 4.4, numrange(25000, 75000, '[]')),
    ('Inul Vizta Karaoke', 'a567aed4-2f5a-4d33-b752-0f402ddeb4f5', 'Melawai', 4.6, numrange(85000, 650000, '[]')),
    ('Nav Karaoke', 'a567aed4-2f5a-4d33-b752-0f402ddeb4f5', 'Blok-M Square', 4.2, numrange(85000, 650000, '[]')),
    ('Pasar Raya Blok M', '5483fc45-85aa-453d-be48-a3790be1da21', 'Melawai', 4.1, numrange(55000, 150000, '[]')),
    ('Batting Cage Melawai', '5483fc45-85aa-453d-be48-a3790be1da21', 'Melawai', 4.55, numrange(80000, 150000, '[]')),
    ('Photomatics Blok-M', 'a567aed4-2f5a-4d33-b752-0f402ddeb4f5', 'Melawai', 4.65, numrange(32000, 100000, '[]')),
    ('Paddy Blok-M', '4e7404b6-d28d-472b-a12b-fbd41d315a79', 'Melawai', 4.75, numrange(35000, 150000, '[]'));

INSERT INTO articles (judulArtikel, kontenArtikel, image_url, restaurant_id, spot_id)
VALUES
('Discover Exquisite Dining at Aoki Japanese Cuisine', 'Rasakan pengalaman kuliner Jepang otentik di Aoki Japanese Cuisine. Terletak di Hotel Gran Mahakam yang mewah, restoran fine dining ini menawarkan hidangan yang dibuat dengan bahan-bahan premium dan teknik tradisional Jepang. 
Chef Takashi Miyazaki, dengan pengalaman lebih dari 25 tahun dalam masakan Jepang, memimpin tim dapur dalam menciptakan hidangan luar biasa yang menggabungkan tradisi dengan inovasi yang halus. Hidangan andalan restoran ini termasuk menu Omakase (Rp 1.200.000 - 1.800.000 per orang), di mana sang chef menyiapkan hidangan multi-kursus yang dipersonalisasi menggunakan bahan musiman yang paling segar. Piring sashimi mereka menampilkan potongan ikan impor premium, termasuk otoro (perut tuna berlemak), hamachi (yellowtail), dan amaebi (udang manis), semuanya disajikan pada suhu yang sempurna untuk meningkatkan cita rasa alaminya.
Bagi mereka yang lebih suka hidangan matang, A5 wagyu teppanyaki memberikan pengalaman yang tak terlupakan, dengan chef menyiapkan daging sapi premium langsung di meja tamu, memungkinkan tamu menyaksikan proses memasak yang teliti. Pilihan tempura mereka menampilkan adonan yang paling ringan dan renyah yang melapisi makanan laut segar dan sayuran musiman.
Suasana elegan menggabungkan elemen estetika Jepang tradisional dengan kemewahan kontemporer. Ruang tatami pribadi tersedia untuk pertemuan intim, sementara area makan utama menawarkan suasana yang canggih dengan pemandangan kerja pisau chef yang presisi di meja sushi. Staf layanan yang penuh perhatian membimbing tamu melalui menu dengan pengetahuan mendalam tentang setiap hidangan dan dapat merekomendasikan pasangan sake yang sempurna dari koleksi anggur beras Jepang premium mereka.
Terletak di lantai dua Hotel Gran Mahakam di Jalan Mahakam No. 1, Blok M, Aoki buka setiap hari dari pukul 12:00-14:30 untuk makan siang dan pukul 18:00-22:00 untuk makan malam. Reservasi sangat disarankan, terutama untuk makan malam akhir pekan atau untuk mendapatkan kursi yang diinginkan di meja sushi. Dengan masakan yang luar biasa, suasana yang halus, dan layanan yang sempurna, Aoki Japanese Cuisine menjanjikan perjalanan gastronomi yang luar biasa bagi para pecinta kuliner yang cerdas.', 
'https://assets-pergikuliner.com/XsyEp_fdfyJsFe-GVD3lWtY1lE4=/385x290/smart/https://assets-pergikuliner.com/uploads/image/picture/2449062/picture-1647261421.jpg',
'aa541c70-af67-4e80-a50e-872f0f4fffa3', NULL),

('Le Gran Cafe: Surga Kuliner Prancis', 'Masuki dunia kuliner Prancis yang elegan di Le Gran Cafe. Terletak di lantai Mezzanine Hotel Gran Mahakam, restoran ini menghadirkan pesona Paris dengan hidangan Prancis otentik dan suasana yang mewah. 
Chef Eksekutif Pierre Dumont, yang dilatih di beberapa restoran Michelin di Prancis, membawa teknik Prancis klasik dan presentasi kontemporer ke menu yang dikurasi dengan hati-hati. Hidangan andalan restoran ini termasuk Bouillabaisse de Marseille (Rp 285.000), sup seafood kaya rasa yang menampilkan tangkapan segar hari itu dalam kaldu yang diinfuskan saffron; Duck Confit (Rp 310.000), dengan kulit yang renyah sempurna dan daging yang lembut disertai dengan purée kentang beraroma truffle; dan Soufflé au Grand Marnier (Rp 125.000), yang harus dipesan 25 menit sebelumnya.
Sarapan dan brunch mereka menampilkan viennoiseries yang baru dipanggang, termasuk croissant yang lembut dan pain au chocolat yang menyaingi yang ditemukan di Paris. Untuk makan siang, menu Prix Fixe mereka (Rp 350.000 untuk tiga kursus) memberikan nilai yang sangat baik, menampilkan bahan musiman dan teknik Prancis klasik.
Ruang makan memancarkan keanggunan yang sederhana dengan dinding berwarna krem, lampu gantung kristal, dan jendela besar yang memungkinkan cahaya alami membanjiri ruang selama layanan siang hari. Jazz lembut dimainkan di latar belakang, menciptakan suasana yang canggih namun nyaman. Restoran ini menawarkan meja intim untuk pasangan dan pengaturan yang lebih besar untuk pertemuan bisnis atau keluarga.
Terletak di Jalan Mahakam No. 1, Kebayoran Baru, Le Gran Cafe buka setiap hari dari pukul 6:30-10:30 untuk sarapan, 12:00-15:00 untuk makan siang, dan 18:00-22:30 untuk makan malam. Restoran ini cepat penuh untuk makan malam dan brunch akhir pekan, jadi reservasi sangat disarankan. Parkir valet gratis tersedia untuk tamu. Dengan komitmennya terhadap gastronomi Prancis otentik, suasana elegan, dan layanan penuh perhatian, Le Gran Cafe memberikan pengalaman kuliner yang benar-benar mengesankan.', 
'https://res.cloudinary.com/dxjm1mdjc/image/upload/fine_dining/le_gran_cafe.jpg',
'4c5280c3-a987-4c45-b81c-0c6f19e46c17', NULL),

('Sir Loin: Pengalaman Steakhouse Premium', 'Sir Loin berdiri sebagai destinasi utama bagi para pecinta steak. Steakhouse mewah ini di Melawai telah mendapatkan reputasi sebagai surga bagi pecinta daging melalui kualitas yang tak tergoyahkan dan teknik persiapan yang luar biasa.
Restoran ini mengkhususkan diri dalam daging sapi dry-aged, dengan ruang aging khusus yang terlihat oleh para tamu. Pilihan mereka yang mengesankan termasuk Wagyu Australia dengan skor marmer 5-9 (Rp 850.000-1.350.000), USDA Prime Black Angus dari Nebraska (Rp 650.000-950.000), dan Wagyu Jepang A5 yang didambakan dari Prefektur Miyazaki (Rp 1.500.000-2.200.000). Setiap potongan daging dengan hati-hati di-aging antara 21-45 hari untuk meningkatkan kelembutan dan mengembangkan rasa yang kompleks.
Dapur, yang dipimpin oleh Chef Daniel Winarta yang dilatih di steakhouse terkenal di Amerika Serikat, menyiapkan setiap steak dengan presisi ilmiah. Tamu dapat memilih metode memasak yang mereka sukai - pemanggangan arang tradisional, sous-vide diikuti dengan searing, atau persiapan flambé teatrikal yang dilakukan di meja untuk potongan khas. Pengalaman steak ditingkatkan dengan pendamping opsional seperti foie gras (Rp 175.000), mentega truffle (Rp 85.000), atau sumsum tulang panggang (Rp 95.000).
Selain steak, Sir Loin menawarkan pilihan makanan laut yang luar biasa, termasuk lobster Boston hidup (Rp 950.000) dan salmon Tasmania (Rp 325.000). Menu sisi menampilkan klasik yang diciptakan ulang, seperti kentang goreng tiga kali masak dengan truffle dan parmesan (Rp 85.000) dan bayam krim dengan pala (Rp 65.000).
Program minuman mereka sama mengesankannya, dengan ruang anggur yang dikontrol suhu yang menampung lebih dari 300 label, berfokus pada anggur merah yang kuat yang melengkapi steak mereka. Bar mereka membuat koktail klasik dengan minuman keras premium, termasuk Old Fashioned yang disiapkan di meja menggunakan infus asap.
Interior restoran menggabungkan elemen steakhouse tradisional dengan kemewahan kontemporer - pikirkan bangku kulit, panel kayu mahoni yang kaya, dan pencahayaan halus yang menyoroti makanan. Konsep dapur terbuka memungkinkan tamu menyaksikan tim kuliner beraksi, menambahkan elemen teatrikal ke pengalaman bersantap.
Terletak di Jalan Melawai Raya No. 65, Sir Loin buka Senin hingga Minggu dari pukul 17:30-23:00, dengan layanan makan siang pada akhir pekan dari pukul 12:00-15:00. Restoran ini dapat menampung 80 tamu, dengan ruang makan pribadi tersedia untuk acara khusus. Reservasi sangat penting, terutama untuk makan malam akhir pekan dan jika meminta area tempat duduk tertentu. Parkir valet tersedia, dan kode pakaian menyarankan pakaian kasual yang rapi. Bagi pecinta steak yang mencari puncak kualitas dan persiapan, Sir Loin memberikan pengalaman bersantap yang luar biasa yang sepadan dengan investasi premium.', 
'https://res.cloudinary.com/dxjm1mdjc/image/upload/fine_dining/sir_loin.jpg',
'fb0121b2-28cb-44ea-8e33-8e2906cd5bea', NULL),

('Tokyo Skipjack: Contemporary Japanese Excellence', 'Tokyo Skipjack redefines Japanese cuisine with its innovative approach to traditional flavors. This stylish establishment on Bulungan Raya combines authentic Japanese techniques with contemporary presentations, creating a dining experience that appeals to both purists and those seeking creative interpretations.
Led by Chef Kenta Nakamura, who previously worked at Michelin-starred establishments in Tokyo and Singapore, the kitchen specializes in transforming premium ingredients into visually stunning and exquisitely flavored dishes. As the name suggests, skipjack tuna (katsuo) features prominently, with the signature Skipjack Tataki (Rp 145,000) showcasing lightly seared fish with ponzu gel, charred leek oil, and chrysanthemum. Their Omakase experience (Rp 750,000-1,200,000) changes daily based on the freshest ingredients, often featuring rare fish varieties flown in twice weekly from Toyosu Market in Tokyo.
The menu seamlessly blends tradition and innovation, with standout dishes including the Unagi Foie Gras Don (Rp 265,000), combining caramelized freshwater eel with seared foie gras over seasoned rice; and the 48-Hour Sous Vide Wagyu Short Rib (Rp 385,000) served with miso eggplant purée and pickled mountain vegetables. Vegetarians will appreciate thoughtfully crafted options like the Temple Vegetables plate (Rp 125,000), inspired by Buddhist shojin ryori cuisine.
The beverage program offers an impressive selection of sake, including limited-production junmai daiginjo varieties and aged koshu sakes. Their cocktail menu incorporates Japanese ingredients like yuzu, shiso, and matcha into creative concoctions.
The 60-seat restaurant features design elements inspired by Japanese minimalism, with natural materials like cedar wood, stone, and paper creating a serene atmosphere. Floor-to-ceiling windows provide natural light during lunch service, while evening dining is enhanced by subtle lighting that highlights both the food and architectural details. The sushi counter offers an interactive experience with chefs, while private tatami rooms accommodate groups seeking more intimate dining.
Located at Jalan Bulungan Raya No. 27, Tokyo Skipjack is open Tuesday to Sunday, serving lunch from 12:00-14:30 and dinner from 18:00-22:00 (extended to 23:00 on Friday and Saturday). Reservations are recommended, especially for counter seating and weekend dining. The restaurant is within walking distance of Blok M Plaza and offers valet parking services. For diners seeking Japanese cuisine that respects tradition while embracing innovation, Tokyo Skipjack delivers a sophisticated and memorable culinary journey.', 
'https://res.cloudinary.com/dxjm1mdjc/image/upload/fine_dining/tokyo_skipjack.jpg', 
'cc140523-b742-43fa-9e90-df0866b4a627', NULL),

('Roji Ramen: Authentic Japanese Comfort Food', 'Discover the soul-warming comfort of authentic Japanese ramen at Roji Ramen. Located on Jalan Melawai IX No. 15, this cozy eatery has become a neighborhood favorite for its traditional approach to Japan''s beloved noodle soup.
Named after the Japanese word for "alleyway," Roji recreates the atmosphere of Tokyo''s hidden ramen shops with its intimate 24-seat space featuring a long counter and a few tables. The simple decor incorporates elements like wooden beams, traditional noren curtains, and vintage Japanese posters, creating an authentic and welcoming atmosphere.
What sets Roji apart is its dedication to craft. The broth, the heart of any ramen, simmers for 12-18 hours daily, developing rich, complex flavors that serve as the foundation for their four signature styles. Their Tonkotsu Ramen (Rp 68,000) features a velvety pork bone broth that''s creamy and intensely flavorful without being overwhelming. The Shoyu Ramen (Rp 58,000) offers a lighter yet deeply savory soy-based broth, while the Miso Ramen (Rp 65,000) provides earthy, umami-rich flavors. Vegetarians can enjoy the Vegetable Ramen (Rp 55,000) with a kombu and shiitake mushroom broth that doesn''t compromise on depth of flavor.
The noodles are equally impressive – made fresh daily using imported Japanese flour and alkaline water to achieve the perfect texture and elasticity. Diners can specify their preferred noodle firmness when ordering. Each bowl is thoughtfully assembled with traditional toppings including chashu pork (marinated and slow-braised for 6 hours), ajitama (perfectly seasoned soft-boiled eggs), menma (fermented bamboo shoots), and freshly harvested nori.
Beyond ramen, Roji offers excellent side dishes such as Gyoza (Rp 35,000) with handmade wrappers and a juicy pork and cabbage filling; Chicken Karaage (Rp 45,000), marinated in ginger, garlic, and soy before double-frying for maximum crispiness; and Takoyaki (Rp 40,000), fluffy octopus balls topped with dancing bonito flakes.
The beverage selection includes Japanese beers (Asahi, Sapporo), sake, and non-alcoholic options like yuzu soda and cold brew hojicha tea. Their unique Matcha Beer Float (Rp 48,000) has developed a cult following among adventurous diners.
Roji Ramen is open daily from 11:30-21:30 (closed on Mondays), with peak hours between 12:00-13:30 and 18:30-20:00. The restaurant doesn''t take reservations, operating on a first-come, first-served basis, which sometimes results in short queues during peak hours. Limited street parking is available, but the location is easily accessible by ojek or a short walk from Blok M Plaza.
With its authentic approach, reasonable prices, and consistently excellent execution, Roji Ramen has established itself as a go-to destination for both ramen enthusiasts and those new to this Japanese comfort food classic.', 
'https://res.cloudinary.com/dxjm1mdjc/image/upload/sip_savor/roji_ramen.jpg', 
'8c545cac-8019-4656-a522-03947bd75426', NULL),

('Born Ga: Korea''s Culinary Treasures in Jakarta', 'Born Ga brings the vibrant flavors of Korean cuisine to the heart of Melawai. This popular restaurant at Jalan Melawai IX No. 33 offers an authentic Korean dining experience that has earned loyal followers among both local food enthusiasts and Korean expatriates.
The restaurant''s name, meaning "Phoenix House," reflects its mission to showcase the rising popularity of Korean gastronomy in Jakarta. The 80-seat space features traditional low tables with floor seating (complete with sunken space for comfort) in private rooms, as well as conventional seating in the main dining area. The decor incorporates elements of Korean culture with modern touches – think rustic wooden tables, traditional pottery, and K-pop music videos playing on screens throughout the restaurant.
Born Ga specializes in authentic Korean BBQ, with built-in grills at each table allowing guests to cook premium cuts of meat to their preference. Their carefully curated meat selection includes Samgyeopsal (Rp 125,000), thinly sliced pork belly with the perfect ratio of meat to fat; Galbi (Rp 165,000), marinated beef short ribs with a balance of sweetness and savory flavors; and the premium Wagyu Ribeye (Rp 265,000) for special occasions. The meats come with fresh lettuce leaves, perilla leaves, sliced garlic, and ssamjang (spicy paste) for creating perfect little wraps of flavor.
What truly distinguishes Born Ga is their exceptional banchan – the complimentary side dishes that accompany every Korean meal. Each table receives between 8-12 different banchan, ranging from various kimchi preparations to seasoned spinach, pickled radishes, steamed eggs, and more. These are refillable upon request, adding tremendous value to the dining experience.
Beyond BBQ, the menu features beloved Korean classics executed with authenticity. The Dolsot Bibimbap (Rp 85,000) arrives in a sizzling stone bowl that creates a delightfully crispy rice crust. Their Sundubu Jjigae (Rp 75,000), a spicy soft tofu stew, comes bubbling hot with optional seafood or beef additions. The Japchae (Rp 65,000) features chewy sweet potato noodles stir-fried with vegetables and your choice of protein.
The beverage menu includes Korean drinks like soju (available in multiple flavors), makgeolli (rice wine), and refreshing sikhye (sweet rice drink). Their Watermelon Soju (Rp 225,000), served in a hollowed-out watermelon, is popular for groups.
Born Ga is open daily from 11:00-22:00, with extended hours until 23:00 on Friday and Saturday. The restaurant gets particularly busy during dinner hours, so reservations are recommended, especially for groups larger than four or for rooms with floor seating. Private rooms can accommodate 6-12 people and require a minimum order.
Street parking is limited, but valet service is available during dinner hours. The restaurant''s central Melawai location makes it accessible via various transportation options, including a short walk from Blok M BCA station.
With its convivial atmosphere, generous portions, and commitment to authentic Korean flavors, Born Ga provides an immersive Korean dining experience that keeps diners coming back for more.', 
'https://res.cloudinary.com/dxjm1mdjc/image/upload/sip_savor/born_ga.jpg', 
'3890d9e3-7b55-4c53-b394-91e012c50e64', NULL),

('Restaurant Sarang Oci: Indonesian Chinese Fusion', 'Restaurant Sarang Oci presents a delightful fusion of Indonesian and Chinese cuisines in a welcoming setting at Jalan Melawai Raya No. 47. This local favorite has been serving the Blok M community for over two decades, earning a reputation for its consistent quality and generous portions.
The restaurant occupies a two-story shophouse with a simple yet comfortable interior that prioritizes functionality over style. Wooden tables and chairs accommodate approximately 60 diners, with several round tables equipped with lazy Susans for family-style dining. While the decor is modest, the restaurant''s longevity speaks to its focus on what truly matters – exceptional food at reasonable prices.
Sarang Oci''s menu reflects the unique Chinese Indonesian culinary tradition that has evolved over generations of cultural integration. The kitchen is led by Chef Hendra Wijaya, whose family recipes have been passed down through three generations. Their signature dishes showcase this heritage beautifully, starting with the namesake Sarang Oci (Rp 98,000) – a "bird''s nest" created from shredded potatoes fried to golden perfection and filled with a savory mixture of seafood in a light gravy.
Seafood features prominently on the menu, with standout offerings including the Gurame Tiga Rasa (Rp 125,000), a whole gurame fish prepared three ways on a single platter; Udang Saos Telur Asin (Rp 88,000), featuring plump prawns in a rich salted egg sauce; and Cumi Goreng Mentega (Rp 75,000), tender squid in a fragrant butter sauce with hints of garlic and chilies.
For meat lovers, the Ayam Panggang Madu (Rp 68,000 half/Rp 125,000 whole) offers honey-glazed roasted chicken with crackling skin and juicy meat. Their Babi Hong (Rp 85,000), braised pork belly in sweet soy sauce with star anise and cinnamon, exemplifies the Chinese influence on Indonesian cooking.
Vegetable options shine equally bright, including Kangkung Belacan (Rp 45,000), water spinach stir-fried with pungent shrimp paste, and Cap Cay Seafood (Rp 65,000), a medley of fresh vegetables and seafood in a light, flavorful sauce.
Rice and noodle dishes serve as perfect accompaniments or standalone meals. The Nasi Goreng Sarang Oci (Rp 55,000) distinguishes itself with a special blend of traditional Chinese and Indonesian seasonings, while their Kwetiau Siram Seafood (Rp 65,000) features wide rice noodles topped with a generous portion of seafood in a silky gravy.
Sarang Oci is open daily from 10:00-22:00, with peak hours during lunch (12:00-13:30) and dinner (18:30-20:30). The restaurant gets particularly busy on weekends, when extended families gather for shared meals. They don''t take reservations except for large groups (10+ people), operating primarily on a first-come, first-served basis.
Street parking is available but limited, especially during peak hours. The location is easily accessible by public transportation, including a 10-minute walk from Blok M Bus Terminal.
With its unpretentious setting, generous portions, reasonable prices, and consistently delicious execution of Chinese Indonesian classics, Restaurant Sarang Oci continues to be a beloved dining institution in the Blok M area.', 
'https://res.cloudinary.com/dxjm1mdjc/image/upload/sip_savor/sarang_oci.jpg', 
'497e691f-5f01-4294-8d42-8ed49a3bb8f6', NULL),

('Futago Ya: A Taste of Traditional Japan', 'Futago Ya offers an authentic taste of traditional Japanese cuisine in a charming setting on Jalan Sultan Hasanudin Dalam No. 18. This cozy restaurant has become a hidden gem among Jakarta''s Japanese food enthusiasts seeking genuine flavors beyond sushi and ramen.
The restaurant''s name, meaning "Twin House," references the founding twin brothers who trained in Kyoto before bringing their culinary expertise to Jakarta in 2016. The intimate 40-seat space creates a transportive experience with its thoughtful design elements: wooden beams, shoji screens, tatami seating areas, and carefully selected Japanese artwork. The soft lighting and minimalist aesthetic reflect the Japanese philosophy of beauty in simplicity.
What distinguishes Futago Ya is its focus on washoku – traditional Japanese home cooking that emphasizes natural flavors, seasonal ingredients, and balanced nutrition. The menu rotates seasonally, with special items highlighted on a handwritten board in Japanese (with Indonesian translations available).
Their set meals (teishoku) offer exceptional value, featuring a main dish accompanied by rice, miso soup, tsukemono (pickles), and a small side dish. Popular options include the Gindara Teriyaki Teishoku (Rp 120,000), featuring perfectly grilled black cod glazed with house-made teriyaki sauce; Oyakodon Teishoku (Rp 75,000), the classic "parent-and-child" rice bowl with chicken and egg simmered in a subtly sweet dashi broth; and Tonkatsu Teishoku (Rp 85,000), offering crispy panko-crusted pork cutlets with shredded cabbage and tonkatsu sauce.
Individual dishes worth trying include their Agedashi Tofu (Rp 45,000), featuring silky tofu with a delicate crisp exterior floating in a complex dashi broth; Chawanmushi (Rp 38,000), a savory egg custard studded with seasonal ingredients; and Saba Shioyaki (Rp 65,000), salt-grilled mackerel that showcases the kitchen''s mastery of simple preparation methods that highlight the natural flavors of quality ingredients.
The beverage selection includes Japanese teas, ranging from everyday hojicha and genmaicha to premium gyokuro reserved for special occasions. Their sake list, though modest in size, is carefully curated to complement the food, with options available by the glass or bottle. Non-alcoholic options include house-made yuzu lemonade and mugicha (barley tea).
Futago Ya is open Tuesday through Sunday, serving lunch from 11:30-14:30 and dinner from 17:30-21:30 (closed on Mondays). The restaurant fills quickly during peak hours, especially on weekends, and they accept reservations by phone or through their Instagram page. The tatami room, accommodating groups of 6-8, requires advance booking.
Street parking is limited but available, and the location is accessible via a short ojek ride from Blok M Plaza or approximately a 15-minute walk from Blok M Station.
With its authentic approach to Japanese home cooking, attention to detail, and reasonable prices considering the quality, Futago Ya provides a genuine taste of Japan without the need for plane tickets. It''s particularly popular among Japanese expatriates – always a good sign for authenticity – and food enthusiasts seeking alternatives to more common Japanese restaurant concepts.', 'https://res.cloudinary.com/dxjm1mdjc/image/upload/umami_rich/futago_ya.jpg', 'ff608bf0-31db-4dc6-a975-70a904cdd602', NULL),

('Yoiko Ramen 415: Artisanal Ramen Excellence', 'Yoiko Ramen 415 elevates the art of ramen in their stylish Mahakam location at Jalan Mahakam No. 15. This specialized ramen shop has developed a passionate following among noodle enthusiasts for its uncompromising commitment to quality and technique.
The restaurant''s name combines "Yoiko" (good child in Japanese) with "415," which visually resembles "Mahakam" in Japanese katakana – a clever nod to both Japanese culture and their location. The 36-seat space features contemporary design with Japanese influences: wooden counter seating overlooking the open kitchen, communal tables, and striking murals depicting ramen culture. The atmosphere balances casual comfort with enough style to make it suitable for both quick lunches and more leisurely dinner experiences.
Yoiko''s approach to ramen is reverent yet innovative, focusing on perfecting traditional techniques while occasionally introducing creative elements. What truly distinguishes their offerings is the meticulous preparation process. Their broths simmer for 12-20 hours in specialized kettles imported from Japan, extracting maximum flavor from carefully selected ingredients. Their signature Tonkotsu broth undergoes additional clarification to achieve its distinctive velvety texture without excessive heaviness.
The noodles receive equal attention, made in-house daily using a special noodle machine. Different broths are paired with specific noodle types – thicker, wavy noodles for heartier broths and thinner, straight noodles for lighter varieties. Guests can specify their preferred noodle firmness, from soft to very firm (harigane).
Their menu features five permanent ramen varieties, plus seasonal specials. The Signature Tonkotsu (Rp 78,000) showcases their pork bone broth with handcrafted noodles, 24-hour marinated chashu, ajitama (seasoned soft-boiled egg), menma (fermented bamboo shoots), and fresh scallions. The Tori Paitan (Rp 75,000) offers a creamy chicken-based alternative that''s rich yet light. The Tantanmen (Rp 85,000) delivers complex spicy flavors with sesame, chili oil, and ground pork. For lighter options, the Shoyu (Rp 72,000) and Shio (Rp 70,000) ramens feature clear broths with more delicate flavor profiles.
Beyond ramen, Yoiko offers exceptional side dishes including Gyoza (Rp 48,000) with handmade wrappers, Chicken Karaage (Rp 55,000) double-fried for maximum crispiness, and Chilled Tofu (Rp 38,000) with housemade tare, fresh ginger, and bonito flakes.
The beverage selection includes Japanese craft beers, sake, shochu, and creative non-alcoholic options like Yuzu Sparkling (Rp 38,000) and Cold Brew Hojicha (Rp 35,000). Their Lemon Chu-Hai (Rp 65,000), a refreshing shochu-based cocktail, pairs perfectly with their richer ramen options.
Yoiko Ramen 415 is open daily from 11:30-21:00, with last orders at 20:30. They don''t accept reservations, operating on a first-come, first-served basis, which can mean brief waits during peak lunch (12:00-13:30) and dinner (18:30-20:00) hours. Street parking is limited, but the restaurant''s location offers easy access via ojek or a short walk from Blok M area.
For ramen aficionados seeking authenticity and quality, Yoiko Ramen 415 delivers a memorable experience that reflects both deep respect for tradition and a commitment to culinary excellence.', 'https://res.cloudinary.com/dxjm1mdjc/image/upload/umami_rich/yoiko_ramen.jpg', '597895f9-d5cb-4e04-a998-226770efcc0a', NULL),

('Haka Dimsum Shop: Delicate Chinese Delights', 'Hidden on the second floor of Indomaret on Jalan Sultan Hasanudin Dalam No. 22, Haka Dimsum Shop has earned a reputation as one of Blok M''s best-kept culinary secrets. This specialized eatery has developed a loyal following for its authentic, handcrafted dim sum offerings that rival those found in Hong Kong''s tea houses.
The modest 28-seat space embraces simplicity, with utilitarian tables and chairs, practical lighting, and minimal decor beyond a few Chinese lucky symbols and a small altar near the entrance. What the restaurant lacks in ambiance, it more than compensates for in culinary quality and value. This no-frills approach keeps prices remarkably affordable while maintaining exceptional standards.
Founded by Chef Lim Wei Hao, who trained at dim sum establishments in Hong Kong and Singapore before returning to Jakarta, Haka focuses exclusively on dim sum, allowing the kitchen to perfect each item through specialized expertise. All items are made fresh daily, with preparation beginning at 4:00 AM to ensure everything is ready for the 8:00 AM opening.
The menu features approximately 30 varieties of dim sum, divided between steamed and fried options, all served in traditional bamboo steamers. Standout steamed selections include Har Gow (Rp 28,000/4pcs), featuring translucent wrappers enveloping plump shrimp with just the right balance of texture and flavor; Siu Mai (Rp 25,000/4pcs), open-topped dumplings with a perfect blend of pork, shrimp, and mushroom; and Xiao Long Bao (Rp 35,000/4pcs), delicate soup dumplings that burst with rich broth when bitten.
Among the fried options, the Lor Mai Gai (Rp 22,000), glutinous rice wrapped in lotus leaf with chicken and mushrooms, offers a satisfying texture contrast and aromatic experience. The Wu Gok (Rp 28,000/3pcs), taro puffs with a crispy, lacy exterior and savory filling, showcase the technical prowess of the kitchen. Their Cheong Fun (Rp 32,000), silky rice noodle rolls filled with various ingredients including shrimp, beef, or barbecued pork, arrive doused in a light sweet soy sauce.
Sweet dim sum options include the velvety Egg Custard Buns (Rp 22,000/3pcs) with their flowing salted egg yolk centers, and classic Mango Pudding (Rp 18,000) topped with evaporated milk.
The beverage menu features traditional tea service, with options including Jasmine, Pu-erh, and Chrysanthemum teas served in proper Yixing clay teapots. Their Hong Kong-style Milk Tea (Rp 15,000) provides the perfect sweet counterpoint to the savory dim sum selections.
Haka Dimsum Shop operates daily from 8:00-15:00, or until they sell out, which frequently happens by early afternoon, especially on weekends. They don''t accept reservations, operating strictly on a first-come, first-served basis. The restaurant gets particularly busy during weekend brunch hours (10:00-12:30), when a short wait for tables is common.
The somewhat hidden location – accessed via stairs next to the Indomaret entrance – adds to the feeling of discovering a secret culinary gem. Limited street parking is available, and the spot is accessible via a short walk from Blok M Plaza.
For dim sum enthusiasts seeking authentic flavors without premium pricing, Haka Dimsum Shop offers an exceptional experience that emphasizes substance over style, focusing entirely on the quality of their meticulously crafted offerings.', 'https://res.cloudinary.com/dxjm1mdjc/image/upload/umami_rich/haka_dimsum.jpg', '3310ed44-b609-47f1-a65b-d9951fca49ef', NULL), 

('Anomali Coffee: Surga Kopi Premium di Blok M', 'Tersembunyi di tengah hiruk pikuk Blok M, Anomali Coffee hadir sebagai oase bagi para pecinta kopi yang menginginkan pengalaman menikmati kopi lokal premium. Berlokasi di Jl. Melawai IX No. 9, kafe ini telah menjadi landmark kuliner dengan rating 4.7 yang membuktikan konsistensi kualitasnya. Anomali Coffee bukan sekadar tempat minum kopi, tetapi sebuah destinasi yang menghormati warisan kopi nusantara. Dengan filosofi "from seed to cup", Anomali memastikan setiap biji kopi yang mereka sajikan merupakan hasil kurasi terbaik dari berbagai pelosok Indonesia, mulai dari Aceh hingga Papua. Menu signature mereka termasuk Kopi Mandailing (Rp 45.000) yang terkenal dengan profil rasa cokelat dan kacang-kacangan, serta Kopi Toraja (Rp 50.000) dengan sentuhan asam yang halus dan aftertaste yang panjang. Bagi penggemar metode seduh alternatif, V60 pour-over (Rp 40.000 - 55.000) menawarkan pengalaman mencicipi kompleksitas rasa yang tidak mungkin ditemukan di kopi instan. Suasana interior Anomali dirancang dengan perpaduan elemen industrial dan kayu yang hangat, menciptakan atmosfer yang ideal untuk bekerja, bertemu kolega, atau sekadar bersantai. Dinding yang dihiasi dengan informasi tentang perjalanan kopi dari kebun hingga cangkir menambah dimensi edukatif pada kunjungan Anda. Para barista terlatih siap berbagi pengetahuan mereka tentang proses penyeduhan dan karakteristik setiap biji kopi. Tak jarang pengunjung setia datang untuk mengikuti cupping session bulanan (Rp 85.000) yang memungkinkan mereka memperdalam apresiasi terhadap kompleksitas profil rasa kopi Indonesia. Selain kopi, Anomali juga menyajikan berbagai pastry dan makanan ringan yang dibuat segar setiap hari, sempurna untuk melengkapi pengalaman kopi Anda. Dengan kisaran harga Rp 40.000 hingga Rp 85.000, Anomali Coffee menawarkan nilai yang sepadan untuk pengalaman kopi premium yang autentik dan mendalam.', 'https://res.cloudinary.com/dxjm1mdjc/image/upload/coffee_shops/anomali.jpg', 'd0c7765f-f109-4f69-a9c4-14fde6c8255c', NULL),

('Kopi Tuku: Revolusi Kopi Lokal dengan Harga Terjangkau', 'Kopi Tuku di Jl. Sultan Hasanuddin Dalam Dalam No.25 telah merevolusi cara masyarakat Jakarta menikmati kopi berkualitas dengan konsep "good coffee doesn''t have to be expensive". Dengan rating mengesankan 4.8, kedai kopi ini menawarkan pengalaman kopi premium dengan harga yang mengejutkan terjangkau. Didirikan oleh Tyo Prasetyo, seorang pengusaha muda dengan visi mempopulerkan kopi lokal, Kopi Tuku telah sukses menciptakan fenomena sosial di kalangan pecinta kopi urban. Signature drink mereka, Es Kopi Susu Tetangga (Rp 25.000), telah menjadi ikon kopi susu kekinian yang menginspirasi banyak kedai serupa di seluruh Indonesia. Rahasia di balik kesuksesan minuman ini adalah kombinasi espresso dengan tekanan tinggi, susu segar, dan gula aren yang diproduksi secara lokal. Selain itu, penggemar kopi dapat menikmati berbagai pilihan single origin seperti Kopi Aceh Gayo (Rp 30.000) atau Kopi Flores Bajawa (Rp 35.000) yang diseduh dengan metode manual brewing seperti V60 atau Aeropress. Untuk pencinta kopi eksperimental, Cold Brew Tuku (Rp 40.000) yang diseduh selama 12 jam menawarkan profil rasa yang unik dengan tingkat keasaman rendah dan manis alami yang menonjol. Ruang Kopi Tuku dirancang dengan konsep minimalis modern yang nyaman, menciptakan suasana hangat dan ramah untuk berbagai kegiatan, dari meeting santai hingga sesi belajar produktif. Dinding yang dihiasi dengan karya seni lokal dan tanaman hijau menambah nuansa segar pada interior yang didominasi kayu dan beton. Yang membedakan Kopi Tuku adalah komitmen mereka terhadap keberlanjutan dan pemberdayaan petani kopi lokal. Mereka bermitra langsung dengan petani di berbagai daerah di Indonesia untuk memastikan praktik perdagangan yang adil dan proses produksi yang berkelanjutan. Pengunjung sering disuguhi cerita tentang asal-usul kopi yang mereka nikmati, memberikan dimensi makna yang lebih dalam pada setiap tegukan. Dengan kisaran harga Rp 25.000 hingga Rp 60.000, Kopi Tuku membuktikan bahwa kopi berkualitas tinggi bisa dinikmati tanpa harus menguras kantong. Tidak heran kedai ini sering dipenuhi dengan berbagai kalangan, dari mahasiswa hingga profesional, semuanya bersatu dalam apresiasi terhadap kopi lokal yang disajikan dengan penuh passion.', 'https://res.cloudinary.com/dxjm1mdjc/image/upload/coffee_shops/kopi_tuku.jpg', 'b9be96b3-aa8b-418a-af06-a953bb61682e', NULL),

('Djournal Coffee: Experiential Coffee Journey di Melawai', 'Djournal Coffee di Jl. Melawai Raya No. 18 mempersembahkan konsep "third wave coffee" yang sophisticated kepada penduduk Jakarta Selatan. Dengan rating 4.6, kafe yang berlokasi strategis di kawasan Melawai ini menawarkan pengalaman kopi yang komprehensif dari biji hingga cangkir. Desain interior Djournal menggabungkan elemen industrial dengan sentuhan Skandinavia yang minimalis dan bersih. Pencahayaan alami yang melimpah melalui jendela-jendela besar menciptakan suasana yang nyaman untuk bekerja, meeting, atau sekadar menikmati waktu sendiri dengan secangkir kopi berkualitas. Pilihan signature mereka, Djournal Blend Espresso (Rp 35.000), merupakan campuran sempurna antara biji kopi Jawa dan Sumatera yang menghasilkan profil rasa cokelat yang kaya dengan sentuhan buah-buahan dan kacang-kacangan. Untuk pengalaman yang lebih eksklusif, Cold Drip Coffee (Rp 55.000) yang diseduh selama 8-10 jam menawarkan kompleksitas rasa yang halus dengan tingkat keasaman yang seimbang. Para barista di Djournal Coffee bukan hanya pandai menyeduh kopi, tetapi juga memiliki pengetahuan mendalam tentang setiap aspek kopi yang mereka sajikan. Mereka dengan senang hati menjelaskan proses roasting, grinding, dan brewing yang optimal untuk setiap jenis biji kopi. Coffee workshop reguler (Rp 80.000) juga diadakan untuk para pengunjung yang ingin memperdalam pengetahuan mereka tentang dunia kopi. Menu kuliner Djournal tidak kalah mengesankan, dengan pilihan all-day breakfast seperti Eggs Benedict (Rp 65.000) dan Avocado Toast (Rp 60.000) yang disajikan dengan presentasi cantik. Pastry seperti Croissant (Rp 35.000) dan Cinnamon Roll (Rp 40.000) dibuat segar setiap pagi, menjadikannya pendamping sempurna untuk kopi pagi Anda. Komitmen Djournal terhadap sustainability terlihat dari penggunaan bahan-bahan lokal dan praktik ramah lingkungan seperti sedotan bambu dan kemasan biodegradable. Mereka juga bermitra dengan petani kopi lokal yang menerapkan praktik pertanian berkelanjutan. Dengan kisaran harga Rp 35.000 hingga Rp 80.000, Djournal Coffee menawarkan nilai yang sepadan untuk pengalaman kopi premium yang disajikan dalam suasana yang nyaman dan estetis. Tidak heran tempat ini menjadi destinasi favorit bagi urban professionals dan coffee enthusiasts di Jakarta Selatan.', 'https://res.cloudinary.com/dxjm1mdjc/image/upload/coffee_shops/djournal.jpg', '3ee8d1f9-02a1-4a29-bba4-a1f792b83b4f', NULL),

('Filosofi Kopi: Lebih dari Sekadar Secangkir Kopi', 'Filosofi Kopi di Jl. Melawai Raya No. 32 bukan sekadar kedai kopi biasa, tetapi sebuah institusi budaya kopi yang telah menginspirasi generasi baru pecinta kopi di Indonesia. Dengan rating 4.7, tempat yang terinspirasi dari novel populer karya Dee Lestari ini menawarkan pengalaman kopi yang mendalam dan penuh makna. Didirikan oleh aktor Rio Dewanto dan barista Hendri Kurniawan, Filosofi Kopi membawa misi mulia untuk mengedukasi masyarakat tentang kekayaan kopi nusantara. Interior yang didominasi oleh kayu dan beton menciptakan suasana hangat namun tetap modern, dengan berbagai kutipan inspiratif tentang kopi yang menghiasi dinding-dindingnya. Menu signature mereka, "Ben''s Perfecto" (Rp 45.000), terinspirasi langsung dari novel Filosofi Kopi dan menawarkan profil rasa yang seimbang sempurna antara keasaman dan kepahitan. "Tiwus" (Rp 50.000), kopi asal Temanggung yang menjadi favorit pengunjung, memiliki karakter kuat dengan sentuhan cokelat dan karamel yang khas. Pengalaman kopi di Filosofi lebih dari sekadar minuman; ini adalah perjalanan narasi. Setiap cangkir kopi disajikan dengan cerita tentang asal-usulnya, proses produksinya, dan makna filosofis di baliknya. Para barista yang berpengetahuan luas dengan senang hati berbagi wawasan mereka tentang setiap aspek kopi yang mereka sajikan. Untuk pengalaman yang lebih mendalam, pengunjung dapat berpartisipasi dalam "Filosofi Kopi Class" (Rp 90.000) yang diadakan secara berkala. Kelas ini tidak hanya mengajarkan tentang teknik menyeduh yang berbeda tetapi juga membahas aspek filosofis dan kultural dari kopi Indonesia. Menu makanan mereka juga patut dicoba, dengan pilihan seperti Nasi Bakar Filosofi (Rp 65.000) dan Pasta Aglio Olio (Rp 70.000) yang disajikan dengan presentasi menawan. Dessert seperti Banana Bread (Rp 40.000) dan Affogato (Rp 45.000) menawarkan perpaduan sempurna dengan kopi pilihan Anda. Filosofi Kopi secara aktif terlibat dalam praktik perdagangan yang adil dan berkelanjutan, bermitra langsung dengan petani kopi di berbagai wilayah Indonesia. Mereka juga mendukung berbagai inisiatif sosial yang bertujuan meningkatkan taraf hidup komunitas penghasil kopi. Dengan kisaran harga Rp 40.000 hingga Rp 90.000, Filosofi Kopi menawarkan nilai yang sepadan untuk pengalaman kopi yang tidak hanya menggugah selera tetapi juga memperkaya jiwa. Tempat ini adalah destinasi wajib bagi siapa pun yang ingin memahami makna mendalam di balik secangkir kopi Indonesia.', 'https://res.cloudinary.com/dxjm1mdjc/image/upload/coffee_shops/filosofi_kopi.jpg', 'cb8c9d33-a6df-4599-80bf-d9e3b645c163', NULL),

('Mack''s Creamery: Surga Es Krim Artisanal di Melawai', 'Terletak di Jl. Melawai 3 No. 10, Mack''s Creamery telah menjadi destinasi wajib bagi para pencinta es krim di Jakarta Selatan. Dengan rating 4.7, gerai es krim artisanal ini menawarkan pengalaman kuliner manis yang tak terlupakan dengan konsep "farm to cone" yang inovatif. Didirikan oleh pasangan Mackenzie dan Sarah Williams, Mack''s Creamery berkomitmen untuk menggunakan bahan-bahan lokal berkualitas tinggi dan teknik pembuatan tradisional Italia. Setiap batch es krim dibuat segar setiap hari dalam kuantitas kecil untuk memastikan kualitas dan kesegaran optimal. Menu signature mereka termasuk Vanilla Bean Madagascar (Rp 35.000) yang menggunakan biji vanilla asli dari Madagascar, memberikan kedalaman rasa yang jarang ditemukan di es krim vanilla pada umumnya. Chocolate Valrhona (Rp 45.000) menggunakan cokelat premium Valrhona dari Prancis yang menciptakan pengalaman cokelat yang intens dan mewah. Bagi yang mencari rasa lokal, Mack''s menawarkan pilihan unik seperti Kopi Kintamani (Rp 40.000) yang menggunakan kopi arabika Bali, dan Pandan Coconut (Rp 40.000) yang merupakan perpaduan sempurna antara aroma pandan dan kelapa segar. Setiap musim, mereka juga meluncurkan rasa spesial yang terinspirasi dari buah-buahan lokal musiman. Interior Mack''s Creamery dirancang dengan gaya vintage modern yang cerah dan mengundang. Dinding berwarna pastel, kursi-kursi yang nyaman, dan pencahayaan yang hangat menciptakan suasana yang ideal untuk menikmati kelezatan es krim mereka. Foto-foto proses pembuatan es krim dan petani lokal yang menjadi pemasok bahan baku menghiasi dinding-dinding, memberikan pengalaman edukasi sambil menikmati hidangan pencuci mulut. Pengunjung juga dapat menyaksikan langsung proses pembuatan es krim melalui dapur terbuka yang memungkinkan transparansi penuh pada proses produksi. Para chef es krim dengan senang hati menjelaskan teknik dan bahan yang digunakan, menambah dimensi interaktif pada kunjungan Anda. Untuk pengalaman yang lebih premium, Mack''s Affogato Bar (Rp 55.000 - 75.000) menawarkan kombinasi espresso panas dengan pilihan es krim favorit Anda, menciptakan kontras suhu dan rasa yang menggugah selera. Tidak ketinggalan, Waffle Cone Basket (Rp 65.000) yang menyajikan tiga scoop es krim pilihan dalam keranjang waffle cone buatan tangan menjadi pilihan populer untuk berbagi. Dengan kisaran harga Rp 35.000 hingga Rp 75.000, Mack''s Creamery menawarkan pengalaman es krim premium yang worth every penny. Tidak heran tempat ini selalu ramai dikunjungi oleh keluarga, pasangan, dan pencinta dessert dari berbagai kalangan.', 'https://res.cloudinary.com/dxjm1mdjc/image/upload/desserts/macks_creamery.jpg', 'ab3525a3-87bc-45c6-a758-12ed1074c093', NULL),

('Matchaman: Sanctuary Matcha Modern di Melawai', 'Matchaman di Jl. Sultan Hasanuddin Dalam No.2 membawa pengalaman matcha autentik Jepang ke jantung Jakarta Selatan. Dengan rating 4.6, kafe spesialis matcha ini telah menjadi destinasi favorit bagi pecinta minuman dan makanan berbasis teh hijau premium. Desain interior Matchaman menggabungkan unsur Jepang tradisional dengan sentuhan modern yang minimalis. Dominasi warna hijau dan coklat kayu menciptakan suasana menenangkan yang sempurna untuk melarikan diri sejenak dari hiruk pikuk kota. Detail seperti peralatan matcha tradisional dan karya kaligrafi Jepang menambah otentisitas pada pengalaman kunjungan. Signature drink mereka, Premium Matcha Latte (Rp 45.000), menggunakan bubuk matcha ceremonial grade yang diimpor langsung dari Uji, Kyoto—wilayah yang terkenal dengan produksi matcha terbaik di Jepang. Proses persiapannya mengikuti metode tradisional menggunakan chasen (pengaduk bambu) untuk menghasilkan tekstur yang halus dan rasa yang sempurna. Bagi para penggemar dessert, Matchaman Parfait (Rp 65.000) menawarkan pengalaman visual dan rasa yang mengesankan dengan lapisan-lapisan matcha gelato, red bean paste, mochi, dan shiratama yang disajikan dalam gelas tinggi yang elegan. Matcha Souffle Pancake (Rp 70.000) dengan teksturnya yang fluffy dan lembut telah menjadi favorit pengunjung, sering kali menghasilkan antrean panjang terutama di akhir pekan. Menu savory juga tidak kalah menarik dengan pilihan seperti Matcha Soba (Rp 65.000) dan Ochazuke (Rp 55.000) yang menawarkan dimensi berbeda dari penggunaan matcha dalam hidangan gurih. Untuk pengalaman yang komprehensif, Matcha Omakase Set (Rp 85.000) menyajikan berbagai hidangan kecil berbasis matcha yang memungkinkan pengunjung mencicipi spektrum rasa yang luas. Yang membedakan Matchaman adalah dedikasinya terhadap edukasi matcha. Mereka secara rutin mengadakan workshop "Matcha 101" (Rp 80.000) yang mengajarkan sejarah matcha, proses produksi, dan cara menyeduh yang benar menggunakan peralatan tradisional. Pengunjung yang beruntung bahkan dapat bertemu langsung dengan master matcha dari Jepang yang sesekali mengunjungi kafe ini. Matchaman juga berkomitmen terhadap keberlanjutan dengan menggunakan kemasan biodegradable dan mendukung praktik pertanian organik di perkebunan teh yang menjadi sumber bahan baku mereka. Informasi tentang praktik berkelanjutan ini dibagikan melalui kartu informasi yang disertakan dalam setiap pesanan. Dengan kisaran harga Rp 40.000 hingga Rp 85.000, Matchaman menawarkan pengalaman matcha premium yang autentik dan mendalam tanpa harus terbang ke Jepang.', 'https://res.cloudinary.com/dxjm1mdjc/image/upload/desserts/matchaman.jpg', '3c2df3d5-d157-4400-8865-e3b159f7a695', NULL),

('Fudgybro: Surga Para Pecinta Cokelat di Melawai', 'Fudgybro di Jl. Melawai IV No.5 telah mengubah cara Jakarta menikmati dessert cokelat. Dengan rating mengesankan 4.8, toko artisanal brownies dan fudge ini menawarkan pengalaman cokelat yang intens dan tak terlupakan bagi para pengunjungnya. Didirikan oleh dua bersaudara, Michael dan David Fudge, yang memiliki latar belakang pastry chef di hotel-hotel bintang lima di Eropa, Fudgybro membawa standar internasional dalam pembuatan brownies dan fudge ke Jakarta. Filosofi mereka sederhana: gunakan bahan terbaik, teknik sempurna, dan jangan pernah berkompromi dalam hal rasa. Interior Fudgybro yang compact namun nyaman mengusung konsep "chocolate factory" modern dengan dominasi warna cokelat dan emas. Pengunjung dapat menyaksikan langsung proses pembuatan brownies dan fudge melalui dapur terbuka yang dipisahkan oleh kaca, menambah elemen transparansi dan kepercayaan pada produk yang mereka sajikan. Signature product mereka, Classic Triple Chocolate Brownie (Rp 50.000), menggunakan tiga jenis cokelat premium—dark, milk, dan white—untuk menciptakan lapisan rasa yang kompleks dengan tekstur yang sempurna: crispy di luar namun fudgy di dalam. Belgian Sea Salt Caramel Brownie (Rp 55.000) menggabungkan manisnya karamel dengan sentuhan garam laut yang menyeimbangkan intensitas cokelat. Selain brownies, Fudgybro juga terkenal dengan chocolate fudge mereka yang dibuat fresh setiap hari. Whiskey Infused Chocolate Fudge (Rp 60.000) menawarkan pengalaman dewasa dengan sentuhan whiskey premium yang subtle namun terasa. Pistachio White Chocolate Fudge (Rp 55.000) menjadi favorit pengunjung dengan kombinasi creamy white chocolate dan crunch dari kacang pistacio premium. Untuk pengalaman yang lebih komprehensif, Fudgybro Tasting Platter (Rp 120.000) menawarkan seleksi enam varian brownie dan fudge dalam ukuran mini, sempurna untuk dibagi bersama teman atau keluarga. Pasangkan dengan minuman signature mereka, Hot Chocolate Royal (Rp 45.000) yang dibuat dari cokelat 70% yang dilelehkan langsung dengan susu segar, menciptakan pengalaman cokelat yang menyeluruh. Fudgybro juga menunjukkan komitmen terhadap keberlanjutan dengan menggunakan cokelat yang bersertifikat fair trade dan bahan-bahan lokal sebanyak mungkin. Kemasan mereka terbuat dari kertas daur ulang dengan tinta berbasis tumbuhan, mencerminkan kepedulian mereka terhadap lingkungan. Workshop bulanan "Chocolate 101" (Rp 350.000) memberi kesempatan bagi penggemar cokelat untuk belajar langsung dari para master chocolatier tentang proses pembuatan brownies dan fudge dari awal hingga akhir. Peserta bahkan dapat membawa pulang kreasi mereka sendiri. Dengan kisaran harga Rp 50.000 hingga Rp 60.000 untuk produk individual, Fudgybro menawarkan nilai yang luar biasa untuk pengalaman dessert premium yang memanjakan penggemar cokelat sejati.', 'https://res.cloudinary.com/dxjm1mdjc/image/upload/desserts/fudgybro.jpg', '4c1a0098-60d1-4414-8c3e-4bee79ff35dd', NULL),

('Maiku Tiramisu: Sentuhan Jepang pada Klasik Italia', 'Maiku Tiramisu di Jl. Melawai 6 No.19 menghadirkan interpretasi unik atas dessert klasik Italia dengan sentuhan Jepang yang elegan. Dengan rating 4.5, kedai dessert spesialis ini telah menciptakan kategori baru dalam dunia pastry Jakarta dengan tiramisu fusion yang inovatif. Didirikan oleh Chef Maiku Tanaka yang menempuh pendidikan kuliner di Italia sebelum kembali ke Asia, Maiku Tiramisu menggabungkan teknik pembuatan tiramisu tradisional Italia dengan bahan-bahan dan estetika Jepang yang halus. Hasilnya adalah kreasi dessert yang tidak hanya lezat tetapi juga menjadi pengalaman visual yang memukau. Interior kedai ini mencerminkan filosofi fusion dengan elemen desain Italia yang hangat dipadu dengan kesederhanaan dan kebersihan khas Jepang. Dominasi warna putih dengan aksen kayu menciptakan suasana yang elegan namun tetap nyaman, sempurna untuk menikmati dessert premium. Signature mereka, Classic Maiku Tiramisu (Rp 65.000), tetap menghormati resep tradisional dengan lapisan mascarpone yang lembut dan sponge cake yang direndam espresso, namun dengan twist penggunaan kopi Jepang yang lebih smooth dan less bitter. Matcha Tiramisu (Rp 70.000) menggantikan kopi dengan matcha grade premium, menciptakan variasi yang segar dan unik dengan visual hijau yang menawan. Bagi penggemar rasa lokal, Black Sesame Tiramisu (Rp 75.000) menggunakan wijen hitam yang dipanggang dan digiling secara tradisional, menghasilkan rasa nutty yang kompleks. Seasonal Fruit Tiramisu (Rp 77.000) menampilkan buah-buahan musiman terbaik seperti strawberry Jepang atau melon premium yang dipadu dengan krim mascarpone yang lembut. Yang membuat Maiku Tiramisu istimewa adalah detail presentasi yang mendekati seni. Setiap porsi tiramisu disajikan dalam gelas kristal atau kotak kayu hinoki dengan hiasan edible flowers, gold leaf, atau ukiran cokelat yang rumit. Pengunjung sering menghabiskan waktu beberapa menit untuk mengagumi dan memotret kreasi mereka sebelum menikmatinya. Selain tiramisu, Maiku juga menawarkan pilihan minuman pendamping seperti Hand-dripped Japanese Coffee (Rp 45.000) atau Ceremonial Grade Matcha (Rp 50.000) yang disajikan dengan metode tradisional, menjadikan kunjungan ke kedai ini sebagai pengalaman kuliner yang lengkap. Untuk yang ingin membawa pulang pengalaman Maiku, Gift Box Collection (Rp 350.000 - 500.000) menawarkan seleksi mini tiramisu dalam packaging elegan yang terinspirasi dari furoshiki, teknik pembungkusan tradisional Jepang menggunakan kain. Workshop "Tiramisu Artistry" (Rp 450.000) yang diadakan sebulan sekali memberi kesempatan bagi penggemar dessert untuk belajar langsung dari Chef Maiku, termasuk teknik pembuatan mascarpone dari awal dan seni presentasi dessert.Dengan kisaran harga Rp 65.000 hingga Rp 77.000 untuk tiramisu individual, Maiku Tiramisu memang tergolong premium, namun pengalaman dessert yang tak tertandingi dan presentasi artistic membuat setiap rupiah sepadan.', 'https://res.cloudinary.com/dxjm1mdjc/image/upload/desserts/maiku_tiramisu.jpg', '1e672b6c-07cf-485c-bb0e-4cce9dfe97df', NULL),

('London Layers: Desa Inggris dalam Setiap Potongan Cake', 'London Layers di Blok M Square menghadirkan pengalaman authentic British baking di tengah hiruk pikuk Jakarta. Dengan rating 4.6, patisserie bergaya Inggris ini menawarkan layer cake tradisional yang dibuat dengan resep warisan keluarga dan teknik klasik yang telah bertahan selama berabad-abad. Didirikan oleh Emma Wellington, pastry chef Inggris yang jatuh cinta dengan Indonesia selama perjalanan kulinernya di Asia Tenggara, London Layers mengusung misi membawa keaslian kue-kue Inggris tanpa kompromi. Setiap resep berasal dari buku resep keluarga Emma yang telah diturunkan selama lima generasi dari West Country Inggris. Interior patisserie ini dirancang untuk mengingatkan pada tea room pedesaan Inggris dengan furnitur vintage, wallpaper floral, dan peralatan makan bone china yang elegan. Suara lembut musik klasik dan aroma butter dan vanilla yang menguar dari dapur menciptakan atmosfer yang mengundang pengunjung untuk melambatkan ritme dan menikmati momen. Signature mereka, Victoria Sponge (Rp 65.000 per slice) adalah interpretasi sempurna dari kue ikonik Inggris dengan sponge cake vanilla yang lembut, selai raspberry homemade, dan buttercream yang ringan. Lemon Drizzle Cake (Rp 60.000) menawarkan kesegaran citrus dengan tekstur moist yang sempurna berkat sirup lemon yang meresap ke dalam setiap lapisan. Bagi pencinta cokelat, Chocolate Guinness Cake (Rp 70.000) menghadirkan kombinasi unik dark chocolate dan stout yang menciptakan kelembapan dan kedalaman rasa yang luar biasa. Sementara Sticky Toffee Pudding (Rp 75.000) yang disajikan hangat dengan toffee sauce dan vanilla ice cream menjadi favorit pengunjung terutama di hari hujan. Yang menjadikan London Layers istimewa adalah komitmen mereka terhadap bahan-bahan premium dan teknik tradisional. Butter yang diimpor dari Inggris, vanilla Madagascar, dan buah-buahan musiman berkualitas tinggi dipadu dengan ketelitian dalam pengukuran dan waktu pengovenan yang presisi menciptakan konsistensi rasa yang sempurna pada setiap potongan kue. Afternoon Tea Set (Rp 250.000 untuk dua orang) menawarkan pengalaman British teatime yang lengkap dengan seleksi finger sandwiches, scones dengan clotted cream dan jam, pastry kecil, dan pilihan loose leaf tea premium dalam teapot keramik. Set ini sering kali memerlukan reservasi terlebih dahulu, terutama di akhir pekan. London Layers juga menawarkan kue-kue untuk special occasion seperti Traditional Wedding Cake (mulai Rp 1.500.000) dan Birthday Celebration Cake (mulai Rp 800.000) yang dapat dipesan minimal seminggu sebelumnya. Setiap kue dibuat secara custom dengan memperhatikan detail dan preferensi klien. London Layers mengadakan kelas "British Baking Secrets" (Rp 450.000) setiap bulan di mana peserta dapat belajar teknik membuat kue-kue klasik Inggris langsung dari Emma. Kelas ini selalu penuh dalam hitungan jam setelah dibuka, menunjukkan antusiasme masyarakat Jakarta terhadap baking autentik. Untuk pengalaman yang lebih personal, "Tea with the Baker" (Rp 350.000) menawarkan kesempatan langka untuk berbincang dengan Chef Emma sambil menikmati afternoon tea premium. Sesi ini sering menghadirkan preview kue-kue musiman baru sebelum ditambahkan ke menu reguler. Komitmen London Layers terhadap keberlanjutan terlihat dari penggunaan bahan-bahan organik sebanyak mungkin dan kerjasama dengan petani lokal untuk bahan-bahan seperti telur, buah-buahan, dan susu. Kemasan mereka terbuat dari kertas daur ulang dan biodegradable, dengan tinta berbasis tumbuhan yang ramah lingkungan. Bagi pengunjung yang ingin membawa pulang pengalaman London Layers, Baking Kit (Rp 350.000) berisi bahan-bahan premium terukur dan instruction card untuk membuat salah satu kue signature mereka di rumah. Gift Box (Rp 450.000) berisi seleksi kue mini dan teh premium dalam packaging elegant yang sempurna untuk hadiah spesial. Dengan kisaran harga Rp 45.000 hingga Rp 90.000 untuk slice cake individual, London Layers mungkin terlihat premium dibandingkan bakery pada umumnya. Namun, porsi yang generous, kualitas bahan yang tidak dikompromi, dan pengalaman British tea culture yang otentik membuat setiap kunjungan menjadi investasi yang sepadan untuk momen spesial.', 'https://res.cloudinary.com/dxjm1mdjc/image/upload/desserts/london_layers.jpg', 'ba594936-d07e-482e-bbc5-e722430715b9', NULL)
;

INSERT INTO articles (judulArtikel, kontenArtikel, image_url, restaurant_id, spot_id)
VALUES
('Taman Literasi: Taman dengan ruang bacaan di tengah Blok-M', 
'Taman Literasi Marta Christina Tiahahu adalah sebuah taman yang terletak di sekitar kompleks pusat perbelanjaan dan terminal bus Blok M di Kelurahan Melawai, Kebayoran Baru, Jakarta Selatan. Taman ini dinamai setelah salah satu pahlawan nasional Indonesia, yaitu Martha Christina Tiahahu, dan memiliki luas 9.710 m². Setelah proses revitalisasi yang dimulai pada 21 Oktober 2021, taman ini dibuka kembali untuk umum pada 18 September 2022. Taman Literasi Marta Christina Tiahahu dirancang ulang menjadi bagian dari Kawasan Berorientasi Transit dari Stasiun MRT Blok M. Hal ini menjadikan taman ini sebagai ruang ketiga bagi masyarakat Jakarta, yang tidak hanya berfungsi sebagai tempat rekreasi, tetapi juga sebagai pusat kegiatan literasi dan komunitas. Dengan demikian, taman ini berperan penting dalam mendukung aktivitas literasi dan interaksi sosial di kawasan kota.',
'https://res.cloudinary.com/dxjm1mdjc/image/upload/v1746943112/image_2025-05-11_125832472_l3o5cz.png',
NULL,
'141281d8-768a-4d68-8db5-bc962d77f4cb'),

('M Bloc Space: Old-School Charm',
'In the bustling district of Blok M, M Bloc Space has emerged as a vibrant addition, transforming a former banknote and money-printing factory into a dynamic lifestyle hub. This exciting newcomer attracts lifestyle enthusiasts with its diverse array of food and beverage (F&B) options and creative tenants. Upon entering M Bloc Space, visitors are greeted by an enticing lineup of eateries, including Tjikini and Katong. These establishments charm patrons with their nostalgic, old-school ambiance, serving delicious Indonesian cuisine and beverages. Whether you''re seeking a cozy spot for remote work or a lively place to hang out, M Bloc Space provides ample options. Among its standout features is _Oeang, a café-restaurant poised to be the centerpiece of M Bloc Space, drawing in crowds of young, stylish individuals eager for a productive day or a thrilling weekend event. As a creative hub, M Bloc Space joins a growing list of similar venues in Jakarta and is poised to become a must-visit destination in the near future. It offers a perfect blend of work and play for the city''s vibrant community, promising a promising future in the local lifestyle scene.',
'https://res.cloudinary.com/dxjm1mdjc/image/upload/v1746943574/49b60a1e-9106-4122-8a0f-bcc785686011.png',
NULL,
'87832eac-f03f-42c5-9802-65b88a7b29e9'),

('Little Tokyo Blok M: Street Style Series',
'Little Tokyo, nestled within the Blok M area in South Jakarta, stands as one of the city''s most distinctive neighborhoods. While it lacks the traditional trappings of Japan, such as ancient shrines or ramen vending machines, it more than compensates with a plethora of Japanese restaurants and bars that saturate the block. This enclave is akin to Jekyll and Hyde from Robert Louis Stevenson''s 1886 tale, showcasing dual personalities. By day, especially on weekends, it becomes a bustling spot for families who flock to the izakayas for lunch, only to quiet down in the late afternoon. As evening falls, Little Tokyo transforms under the glow of neon sign boxes from various Japanese eateries. The area teems with life, drawing in both locals and tourists. It''s a favored haunt for white-collar Japanese expatriates who unwind with post-work drinks alongside compatriots. Amidst the lively atmosphere, some shadowy bars pepper the scene, inviting passers-by to wonder about the hidden indulgences within. Although the core of Little Tokyo remains largely unchanged over the years, the emergence of third-wave coffee shops like Filosofi Kopi and Djule has ushered in a younger crowd. This addition enriches the neighborhood''s character, creating a vibrant ecosystem where everyone from bicyclists and tourists to street vendors and kitchen workers contribute to the eclectic tapestry that makes people-watching a delightful experience.',
'https://res.cloudinary.com/dxjm1mdjc/image/upload/v1746944179/df5299a6-2f9b-4aed-92ce-a6fc126c0a0f.png',
NULL,
'555ac784-980b-4392-ac2c-569270dc0d80'),

('Taman Ayodya: Stop and feel the moment of zen!',
'Taman Ayodya, yang sebelumnya dikenal sebagai Taman Barito, adalah salah satu taman kota yang berlokasi di Jakarta Selatan. Taman ini menawarkan suasana yang asri dengan luas lahan mencapai 7.500 m², serta dilengkapi dengan kolam buatan seluas 1.500 m² yang terletak di tengahnya. Fasilitas yang ada di taman ini meliputi jalur pijakan, kursi, gazebo, pendopo, kamar mandi, dan trek jogging. Semua ini dirancang untuk memberikan kenyamanan bagi para pengunjung yang ingin bersantai atau berolahraga. Berada di lokasi yang strategis, Taman Ayodya dikelilingi oleh beragam fasilitas umum seperti Hotel Gran Mahakam, Plaza Blok M, Pasar Burung Barito, Mal Blok M, dan Pasar Taman Puring. Keberadaan taman ini bersebelahan dengan Taman Langsat, menambah daya tarik kawasan tersebut sebagai tempat rekreasi dan relaksasi di tengah hiruk-pikuk kota Jakarta. Taman Ayodya tidak hanya menjadi tempat untuk melepas penat, tetapi juga berfungsi sebagai ruang publik yang mendukung interaksi sosial dan kegiatan komunitas.',
'https://res.cloudinary.com/dxjm1mdjc/image/upload/v1746944284/c5fdb1df-d4ea-4092-9c8c-f3f9367b3a8e.png',
NULL,
'f3dd6e52-c497-4549-9ef1-0b766661a55f'),

('Blok M Square: Pusat perbelanjaan di kawasan Blok-M',
'Blok M Square, yang dahulu dikenal sebagai Aldiron Plaza, adalah salah satu pusat perbelanjaan yang terletak di kawasan Blok M, Jakarta Selatan. Lokasinya yang strategis berada tepat di depan Terminal Blok M, menjadikannya mudah diakses oleh pengunjung. Blok M Square dimiliki oleh PD Pasar Jaya dan merupakan salah satu dari 153 pasar yang mereka kelola. Pembangunannya merupakan hasil kerjasama antara PD Pasar Jaya dan PT Melawai Jaya Realty. Awalnya dikenal sebagai Pasar Melawai dan Aldiron Plaza, tempat ini selalu ramai pengunjung sebelum akhirnya dikembangkan menjadi trade mall yang modern. Blok M Square kini menawarkan berbagai fasilitas yang memadai, menjadikannya destinasi belanja yang nyaman dan menguntungkan, baik bagi konsumen maupun pemilik usaha. Transformasi ini tidak hanya meningkatkan kualitas belanja, tetapi juga memperkuat posisinya sebagai pusat perbelanjaan penting di Jakarta Selatan.',
'https://res.cloudinary.com/dxjm1mdjc/image/upload/v1746944742/fa410906-5aad-4b06-a7e7-3cb967a8ae11.png',
NULL,
'fdfeae51-298a-4ca3-b23d-eb4b612bc514'),

('Blok M Plaza: Pusat Perbelanjaan Legendaris di Jakarta Selatan',
'Plaza Blok M adalah pusat perbelanjaan yang terletak di kawasan Kebayoran Baru, Jakarta Selatan. Didirikan di atas lahan bekas New Garden Hall Theatre, plaza ini telah berdiri sejak 30 November 1988. Plaza Blok M terdiri dari tujuh lantai area perbelanjaan dan 13 lantai area parkir yang mampu menampung sekitar 700 kendaraan roda empat dan 300 kendaraan roda dua. Plaza ini merupakan pusat perbelanjaan pertama yang dimiliki oleh Pakuwon Jati di wilayah Indonesia bagian barat, meskipun pengelolaannya dilakukan oleh Grup Subentra melalui usaha patungan dengan Sudwikatmono. Pusat perbelanjaan ini mulai beroperasi untuk umum pada tanggal 12 Desember 1990 dan diresmikan sepenuhnya oleh Ibu Negara saat itu, Tien Soeharto, pada tanggal 30 Mei 1991. Plaza Blok M telah menjadi destinasi belanja yang ramai hingga saat ini. Pengunjung dapat menikmati berbagai macam hal mulai dari jajanan kecil hingga berbelanja pakaian untuk kerja dan keseharian. Selain itu, pusat perbelanjaan ini terus berbenah diri dengan melakukan perbaikan di beberapa tempat, termasuk pelataran parkiran dan interior Plaza Blok M. Integrasi dengan Stasiun MRT Blok M juga telah dilakukan untuk memudahkan akses bagi para pengunjung. Dengan berbagai fasilitas yang ditawarkan, Plaza Blok M tetap menjadi pilihan favorit bagi warga Jakarta dan sekitarnya untuk berbelanja dan bersantai.',
'https://res.cloudinary.com/dxjm1mdjc/image/upload/v1746944868/4b3a8e68-d754-4048-8819-81be69c3cc98.png',
NULL,
'46429a01-8dcf-47b6-af1e-050d6fc19702'),


('Portrait Flagship: Capture every moment!',
'Hai, warga Jakarta Selatan! Ada kabar gembira untuk kalian yang suka berfoto. Kini, di Blok M Square telah hadir tempat foto baru yang hits dan wajib kalian kunjungi, yaitu Portrait Flagship. Tempat ini menawarkan berbagai spot foto yang pastinya aesthetic dan cocok untuk menambah koleksi foto keren kalian di media sosial. Setiap sudutnya didesain dengan konsep yang unik sehingga memberikan pengalaman berfoto yang berbeda. Portrait Flagship terletak di lantai UG Blok M Square. Tempat ini sangat mudah dijangkau dan siap menjadi destinasi favorit baru kalian. Ayo, ajak teman-teman dan keluarga untuk merapat sekarang juga dan abadikan momen berharga kalian di sini. Jangan sampai ketinggalan tren foto terbaru dan pastikan kalian menjadi yang pertama merasakannya. Selamat bersenang-senang dan berkreasi dengan foto-foto kalian! 🤳',
'https://res.cloudinary.com/dxjm1mdjc/image/upload/v1746945253/91362350-2e55-49e0-af83-d74a0ab7da21.png',
NULL,
'bc8532ff-673c-4844-8ef9-d0dc69a3a7cc'),

('Natural Therapy Spa: From Cold Plunge to Tea Bath',
'In Jakarta, the wellness boom is manifesting in an increasing number of fluid, one-stop destinations that blend convenience with personalized care. These spaces are redefining the concept of well-being by combining traditional healing wisdom with modern approaches. Some venues emphasize the social aspect of self-care, offering communal experiences that foster a sense of connection and shared wellness journeys. Stephanie Tjiu, co-founder of Anda Wellness, highlights the growing anxiety within her generation, noting a shift in how people advocate for their own health. Anda Wellness began as a massage home service in 2020 and has since expanded into Anda Reserva, Indonesia''s first social wellness club. This evolution reflects a broader trend where individuals are delving into medical journals from various cultures to understand what best works for their bodies. As awareness grows, people are increasingly eager to build and explore wellness habits that support their overall health. Anda Reserva aims to provide a space for individuals to cultivate these habits, offering a platform for exploration and personal growth in well-being. By integrating diverse healing traditions with modern insights, Jakarta''s wellness destinations are crafting new pathways for individuals to achieve a balanced and healthy lifestyle.',
'https://res.cloudinary.com/dxjm1mdjc/image/upload/v1746945487/c1ac897f-6d8c-472e-a755-86370d57386e.png',
NULL,
'23a068f8-6759-4897-bbb0-f675e1d52dcb'),

('Zoomoov Plaza Blok M: The Land of ZOOMOOV!',
'Apakah Anda mencari cara menyenangkan untuk menghabiskan waktu bersama si kecil? Kami hadir dengan solusi menarik: persewaan robot binatang lucu. Tempat ini menyediakan berbagai jenis robot binatang yang bisa dinaiki oleh anak-anak dan satu pendamping dewasa. Dengan desain yang aman dan ergonomis, setiap robot menawarkan pengalaman berkendara yang seru dan menghibur, cocok untuk anak-anak maupun orang dewasa yang menemani. Kami menawarkan berbagai pilihan robot binatang, mulai dari gajah yang megah hingga kuda poni yang menggemaskan. Semua robot dirancang dengan perhatian khusus terhadap detail dan keamanan, memastikan setiap perjalanan menjadi kenangan indah. Tempat persewaan ini cocok untuk berbagai acara, seperti pesta ulang tahun atau sekadar menghabiskan akhir pekan bersama keluarga. Dengan harga yang terjangkau, Anda dan si kecil dapat menikmati petualangan tanpa batas dalam dunia robot binatang yang penuh warna.',
'https://res.cloudinary.com/dxjm1mdjc/image/upload/v1746945635/89bdcadd-330f-40e0-a461-65b34ca7cf12.png',
NULL,
'ced10b62-5b90-4782-a019-5c39924c1f06'),

('ASTHA District: Into the New ASHTA World!',
'The latest retail development by ASRI, a subsidiary of the Agung Sedayu Group known for projects like Mall of Indonesia and PIK Avenue, opened its doors last November amid the pandemic. Ashta, whose name means "eight" in Sanskrit, embodies eight elements of a good life: freedom, learning, health, love, friends, family, purpose, and peace. Despite the challenging circumstances brought on by PSBB (Large-Scale Social Restrictions), Ashta has quickly garnered excitement from the city''s epicureans. Nazira C. Noer, Deputy GM of Business & Casual Leasing at ASRI, expressed gratitude for the overwhelming response, noting the viral moments on social media that have highlighted the retail space''s appeal. One notable tenant is the French-Japanese brand Maison Kitsuné, which has attracted lifestyle enthusiasts with its boutique and café. Ashta''s allure continues to grow with the addition of renowned brands such as Singapore''s IUIGA, Level Gym, and the soon-to-open % Arabica Coffee from Kyoto. Homegrown brands are also thriving, with establishments like Bakerman and Ground Zero offering unique culinary experiences that align with Ashta''s theme of embracing newness. Beyond its diverse tenant lineup, the four-storey podium offers communal spaces like the "Melting Pot" for workshops and events, as well as terraced balconies perfect for capturing the breathtaking views of towering skyscrapers. For those seeking a moment of tranquility, a secret spot on the eighth-floor rooftop reveals lush greenery and panoramic cityscapes, providing a serene escape from the urban hustle.',
'https://res.cloudinary.com/dxjm1mdjc/image/upload/v1746945903/9c7fb03b-5c5d-4ecc-be5b-7c17edbce06b.png',
NULL,
'7f5f59f7-9961-4647-b6c8-06139a8b999b'),

('Masjid Al - Azhar: Peradaban & Pusat Pergerakan Pendidikan!',
'Masjid Al-Azhar Jakarta, atau lebih sering dikenal sebagai Masjid Agung Al-Azhar, terletak di Jakarta Selatan, Provinsi Daerah Khusus Ibukota Jakarta, Indonesia. Masjid ini berdiri atas inisiatif Yayasan Pesantren Islam Al-Azhar, yang awalnya didirikan khusus untuk membangun masjid ini beserta fasilitas sekitarnya. Pembangunan masjid ini berlangsung dari tahun 1953 hingga 1958. Pada saat selesai dibangun, Masjid Al-Azhar merupakan masjid terbesar di Jakarta. Namun, status sebagai masjid terbesar di Jakarta diambil alih oleh Masjid Istiqlal pada tahun 1978. Meskipun demikian, Masjid Agung Al-Azhar tetap menjadi salah satu ikon penting di Jakarta dan terus menjadi pusat kegiatan keagamaan serta sosial bagi masyarakat sekitar. Keberadaan masjid ini juga mencerminkan kekayaan sejarah dan budaya Islam di Indonesia.',
'https://res.cloudinary.com/dxjm1mdjc/image/upload/v1746946019/cdcd318c-44f2-4ba8-9c78-aefef5a91441.png',
NULL,
'34ba8bd4-7e9a-4ded-ba1c-3d40ac53fd1b'),

('Blok - S: Pujasera Anak Jaksel!',
'Blok S merupakan salah satu wilayah di Jakarta Selatan yang dikenal sebagai pusat kuliner. Di sini, terdapat Pujasera Blok S yang terletak di Rawa Barat, Kebayoran Baru. Pujasera ini diresmikan oleh Pemerintah Provinsi DKI Jakarta pada tahun 2017 dan menjadi tempat favorit bagi para pencinta makanan. Sebagai salah satu proyek binaan Dinas Koperasi Usaha Kecil Menengah (KUKM) DKI Jakarta, Pujasera Blok S juga mendapat dukungan pendanaan dari Corporate Social Responsibility (CSR) perusahaan swasta. Di Pujasera Blok S, pengunjung dapat menemukan beragam kuliner khas Indonesia. Beberapa hidangan yang populer antara lain bakso yang kenyal, soto betawi yang gurih, sate yang lezat, sop kambing yang kaya rasa, nasi goreng yang menggugah selera, sate padang yang pedas, serta aneka minuman segar seperti es teler dan es podeng. Keberagaman kuliner ini menjadikan Pujasera Blok S sebagai destinasi wajib bagi siapa saja yang ingin menikmati kuliner otentik di Jakarta.',
'https://res.cloudinary.com/dxjm1mdjc/image/upload/v1746946122/ddf3a6c8-9262-432b-a7d5-0c9e1050a808.png',
NULL,
'91090bb8-71b4-44ea-974f-6de45bd22672'),

('Masjid Nurul Iman: Kedamaian di atas Blok-M Square',
'Masjid Nurul Iman Blok M Square merupakan salah satu masjid terbesar yang berdiri di atas pusat perbelanjaan Blok M Square di Jakarta. Masjid ini mampu menampung hingga 14.000 jemaah, menjadikannya sebagai tempat ibadah yang signifikan di tengah kesibukan kota Jakarta. Letaknya yang berada di lantai teratas mal memberikan pengalaman unik bagi para pengunjung, di mana mereka dapat merasakan ketenangan spiritual di tengah hiruk-pikuk kehidupan urban. Keberadaan masjid ini tidak hanya sekadar tempat ibadah, tetapi juga simbol perpaduan antara modernitas dan spiritualitas. Masjid Nurul Iman memiliki sejarah panjang dan penuh perjuangan sebelum mencapai bentuknya yang sekarang. Masjid ini menawarkan ruang ibadah yang luas dan nyaman, menjadikannya sebagai destinasi utama bagi umat Muslim yang mencari kedamaian dan kenyamanan dalam beribadah.',
'https://res.cloudinary.com/dxjm1mdjc/image/upload/v1746946310/ce995944-ac07-4612-8a97-aaedf2d6ba6b.png',
NULL,
'793b1309-58bc-4133-8e69-733adecc5468'),

('Pasar Kue Subuh: The Morning Rhythm',
'Every day, from two until eight in the morning, the tables at Pasar Kue Subuh Blok M are adorned with an array of traditional delicacies. These range from fried pastries and sticky sweets wrapped in banana leaves to neon-coloured steamed cupcakes—treats that often elude precise English translations. Among these are bika Ambon, lapis Surabaya, and sosis Solo, each snack a testament to Indonesia''s diverse cultural tapestry. These delicious treats, commonly known as *jajanan pasar*, are staples at social gatherings throughout the country, gracing events from joyous weddings and birthdays to solemn memorials. Established in the 1960s, Pasar Kue Subuh Blok M has weathered many changes in its surroundings, from the bustling days of Aldiron Plaza to the rejuvenation brought by the MRT''s arrival in 2019. Yet, the market has not been immune to the impacts of the pandemic. Uni, a dedicated vendor who has been part of this bustling scene for seven years, shares how the pandemic has affected her livelihood. "Before, I could sell up to 1000 pieces of each snack within a day. Now, I''d be lucky to sell 300," she confides. Despite the challenges, Uni and her husband continue to offer their selection of *jajanan pasar* from their spot beneath the eastern eaves of Blok M Square mall, their commitment to preserving this beloved tradition unwavering.',
'https://res.cloudinary.com/dxjm1mdjc/image/upload/v1746946473/31c5847f-5f8e-4dec-ba40-5a5957f6e055.png',
NULL,
'951913a8-b0c7-467c-97cf-ac59e466955f'),

('The F Thing Store: Fashion Enthusiast',
'The F Thing merupakan perusahaan yang berfokus pada bidang fashion dengan misi menggabungkan gaya tradisional dan modern. Sebagai platform berbasis komunitas, The F Thing menjadi tempat di mana fashion dan gaya hidup saling berinteraksi dan berinovasi. Dengan menyediakan ruang untuk kreativitas dan ekspresi diri, platform ini menjadi magnet bagi mereka yang ingin menjelajahi dan mengapresiasi dunia fashion yang terus berkembang. Target utama The F Thing adalah generasi millennial dan generasi Z, yang dikenal sebagai generasi yang selalu berinovasi dan berpengaruh. Generasi ini aktif di platform berbasis web dan media sosial, menjadikan The F Thing sebagai jembatan yang sempurna untuk menjangkau dan melibatkan mereka. Dengan memahami kebutuhan dan tren yang digemari oleh generasi muda, The F Thing terus berupaya untuk menciptakan pengalaman fashion yang relevan dan menarik bagi komunitasnya.',
'https://res.cloudinary.com/dxjm1mdjc/image/upload/v1746946850/5d717051-da78-4429-8e89-03fdfa226a49.png',
NULL,
'57a09cb4-1794-4197-9f33-ce65d86d66c5'),

('Post Santa: Place for creative community',
'POST is a unique, independent bookshop located on the upper floor of Pasar Santa, a traditional market in Jakarta Selatan. Open every day, POST offers a carefully curated selection of books, handpicked by the owners and bookshop keepers. These selections include titles that are thought-provoking or recommended by trusted friends and fellow book enthusiasts. At POST, you can find both local and imported books, whether new or pre-loved, that are often difficult to locate in major bookstores. The shop stocks works by both Anglophone and non-Anglophone authors and highlights interesting titles from Indonesian independent publishers such as Banana, Marjin Kiri, Kakatua, and Ultimus. If you''re searching for a specific book, the team at POST is more than willing to help you find it. Beyond just a bookshop, POST is a vibrant community hub that fosters dialogue and connection. The space hosts events such as #MenulisdiPasar, an intimate writing workshop welcoming new writers to explore their creativity and express themselves. Additionally, POST organizes book launches, reading clubs like Critics Anonymous, and bookshop takeovers with various collaborators. Occasionally, POST takes its collection on the road for Pop-Up Bookshops at cafes or events. Through these activities, POST aims to connect people and share the love of literature, offering a platform for collaboration and the exchange of ideas. Follow their journey on Instagram and Twitter to discover what''s next in their literary adventures.',
'https://res.cloudinary.com/dxjm1mdjc/image/upload/v1746947031/6e06cc3c-b293-4b28-9706-ceb1cea00df6.png',
NULL,
'9c705556-ff13-442f-8560-d639b427d450'),

('Go Local at M Bloc Market',
'M Bloc Space, occupying over 2,000 square meters of a former Perum Peruri warehouse, offers a unique shopping experience with a focus on wellness, traceability, and locality. This modern toko kelontong, designed by M Bloc''s Building and Tenant Director Jacob Gatot Sura of Arcadia Architect, is dedicated to supporting independent, homegrown brands throughout the archipelago. The marketplace prioritizes well-being through its curated product selections, ensuring each item contributes to a healthier lifestyle. Traceability is emphasized, allowing consumers to understand the journey of products from production to their shopping bags. By supporting local production, the marketplace showcases the rich variety of products available within the archipelago, fostering community and sustainability. The founders of M Bloc Space delve into the concept of conscious shopping in urban settings. While conscious shopping often centers around ethical and eco-friendly practices, M Bloc Space broadens this idea to include product traceability. Under the leadership of co-founder Handoko Hendroyono, the marketplace team ensures the quality and authenticity of locally-made products. In collaboration with Peruri, they have developed a mobile app that allows shoppers to access detailed product descriptions and trace the origins of the brands. This initiative not only enhances consumer confidence but also promotes transparency in the shopping experience.',
'https://res.cloudinary.com/dxjm1mdjc/image/upload/v1746947031/6e06cc3c-b293-4b28-9706-ceb1cea00df6.png',
NULL,
'af22c765-095d-454d-a904-8ad9bf8cb249'),

('Aksara Bookstore: Epilogue for an era',
'Aksara is on a mission to highlight literary gems from smaller publishing companies, recognizing that these works are just as impressive and deserving of attention as those from larger publishers. To achieve this goal, Aksara has teamed up with POST, a local independent bookstore established in 2014 at Pasar Santa. Together, they aim to elevate indie and alternative literatures, focusing on bringing these lesser-known works into the spotlight.This collaboration curates a diverse collection of books from small and local publishers like Mojok, Lontar, and Post Santa. While the primary focus is on indie literature, the selection also includes national and international best-sellers, ensuring a wide range of choices. Whether you''re exploring a book from KPG''s The Comma Books or a renowned title from global giants like Penguin Books, the variety promises that every bookworm will find something captivating. Despite the store''s compact nature, the browsing experience at Aksara and POST is designed to be engaging, allowing visitors to discover new authors and titles that might otherwise remain obscured.',
'https://res.cloudinary.com/dxjm1mdjc/image/upload/v1746943923/05265a29-f843-462d-af9e-3d7e4d3e53f6.png',
NULL,
'd6f30125-db22-4200-82e9-5fc38581c023'),

('Paddy Blok-M: Make your friendship bracelet', 
'Blok M adalah salah satu pusat perbelanjaan terkenal di Jakarta yang menawarkan berbagai pengalaman belanja yang unik dan menarik. Salah satu brand lokal yang menonjol di kawasan ini adalah Paddy, yang pertama kali didirikan di Bandung pada tahun 2017. Pada awalnya, Paddy hanya menjual custom case untuk ponsel, tetapi seiring berkembangnya waktu, brand ini telah memperluas jangkauan produknya. Kini, Paddy menawarkan berbagai macam produk seperti tas ransel, slingbag, sticker, tumblr, jam tangan, hingga sweater. Semua produk ini didesain dengan gaya yang sangat cocok dengan karakter generasi Z, menjadikannya pilihan favorit di kalangan anak muda. Paddy Store di Blok M Gerai Paddy Store di Blok M berlokasi di Jl. Melawai I No. 28A, tidak jauh dari Blok M Square. Toko ini memiliki tiga lantai yang masing-masing menawarkan berbagai aksesoris dan produk unik. Di lantai pertama, pengunjung dapat menemukan berbagai pilihan phone case dengan desain yang beragam, sticker, pin, gantungan kunci, serta merchandise idol Korea yang sangat digemari oleh para penggemar aksesoris. Sementara itu, di lantai kedua, pengunjung dapat menikmati pengalaman membuat gantungan kunci, memberikan sentuhan personal pada aksesoris mereka. Paddy Store tidak hanya sekadar tempat belanja, tetapi juga destinasi yang menawarkan pengalaman berbelanja yang interaktif dan menyenangkan bagi para pengunjungnya.',
'https://res.cloudinary.com/dxjm1mdjc/image/upload/v1746948068/410fae69-eb93-40e3-b06d-e1d86f427d81.png',
NULL,
'ed4b87bc-01b6-471a-a6fe-e545dc6ed8d2'),

('ISA Art & Design: The Art of Remembering',
'Deborah''s journey into the art world began at the age of 26 while she was working as a finance lawyer. Her passion for art collecting was ignited when she purchased a Russian painting at an art exhibition in Hong Kong. After relocating to Indonesia in 1991, Deborah officially entered the art scene by opening Christie''s, the first auction house in Indonesia, in 1996. Her experience grew further when she joined Sotheby''s before eventually founding her own venture, ISA Art Gallery, situated in central Jakarta. Deborah''s role as a senior figure in the art industry allows her to influence and shape the art landscape significantly. Her collection is a testament to her diverse interests and commitment to art. Initially drawn to non-conformist Soviet art, Deborah''s tastes evolved to include Vietnamese art during her early years at Christie''s. She acquired pieces by artists such as Le Pho, Mai Thu, and Vu Cao Dam. The post-Soeharto era in Indonesia opened up new opportunities, leading her to explore contemporary Indonesian art. Deborah visited the studios of prominent artists like Agus Suwage, Yunizar, Masriadi, and Rudy Mantovani, and began acquiring works from celebrated contemporary artists such as Arahmaiani, Heri Dono, and Jompet. As the owner of ISA Art Gallery, Deborah is dedicated to discovering emerging talent and continues to expand her collection by acquiring works from young artists. Her gallery''s mission emphasizes the promotion of women artists and those from the Indonesian Diaspora, reflecting her personal connection as part of a dual-nationality family. Through her endeavors, Deborah not only enriches her collection but also supports and uplifts the voices of new and diverse artists in the community.',
'https://res.cloudinary.com/dxjm1mdjc/image/upload/v1746947567/ce9070e7-8c3f-49a6-92bf-edfc10adc0f1.png',
NULL,
'42e3a2b7-001b-4ee5-a53c-4a7fe140893f'),

('Ruci Artspace: Lighting Up the Local Art',
'Located in the bustling district of Senopati, Ruci Art Space has carved out a niche for itself as a sanctuary of creativity and enlightenment. Derived from the Sanskrit word meaning "the source of light," Ruci Art Space aims to illuminate and inspire through the transformative power of art. The gallery showcases captivating artworks by emerging local artists, who draw from their life experiences and cultural heritage to create pieces that challenge the apathy of modern audiences. Among the current exhibitions, Kinez Riza''s work stands out with its immersive installations. "Ontogeny" invites viewers into a dimly lit room where a moving projected image subtly disturbs one''s sense of balance, creating an engaging and disorienting experience. In another installation, "In the woods is perpetual youth," a fragment of forest is recreated in a chilly, dimly lit space with a floor covered in dying leaves. This surprising combination of sensory elements evokes feelings of tranquility and security amidst the darkness. Ruci Art Space not only serves as an entry point for art enthusiasts seeking knowledge but also provides a platform for those looking to engage with thought-provoking artworks. It encourages analytical contemplation over passive consumption, offering an alternative to mindless entertainment. As Jakarta''s art scene continues to develop, Ruci Art Space stands as a guiding light, fostering dialogue and growth within the community.',
'https://res.cloudinary.com/dxjm1mdjc/image/upload/v1746944462/04a99db4-e7b5-404a-9ad1-75865856a49f.png',
NULL,
'69188064-8625-4915-8311-f9276c658336'),

('Inul Vizta Karaoke: Bernyanyi layaknya Inul Daratista', 
'Berkumpul bersama keluarga dan teman dekat di ruang karaoke adalah salah satu cara terbaik untuk menghabiskan waktu bersama. Dengan mikrofon di tangan dan playlist lagu favorit yang sudah dipilih, Anda bisa bernyanyi sepuasnya. Tidak hanya sebagai sarana hiburan, karaoke juga bisa menjadi momen untuk melepas stres dan berbagi tawa. Tentukan lagu-lagu kesukaanmu, dari balada yang menyentuh hingga lagu pop yang enerjik, dan rasakan kebahagiaan yang terpancar saat semua orang turut bernyanyi. Agar suasana semakin meriah, atur pencahayaan ruang karaoke sedemikian rupa. Gunakan lampu warna-warni atau lampu sorot yang dapat membuat suasana lebih hidup. Dengan pencahayaan yang tepat, ruangan akan terasa lebih asyik dan menambah semangat untuk bernyanyi. Aktivitas ini sangat cocok untuk jenis wisatawan seperti Keluarga Asyik dan Geng Asyik yang ingin menikmati quality time dengan penuh keceriaan dan kebersamaan. Nikmati setiap momen dan ciptakan kenangan tak terlupakan bersama orang-orang tercinta.',
'https://res.cloudinary.com/dxjm1mdjc/image/upload/v1746947214/f7cd4d3b-c2f7-4bfc-bc91-97d6fa6f0241.png',
NULL,
'a8f32ebd-7cd4-4f98-b398-f04964356c5f'),

('Nav Karaoke: Bersundau gurau bersama teman',
'Sedang mencari tempat karaoke terdekat di Jakarta Selatan? NAV Family Karaoke Blok M adalah pilihan yang tepat. Didirikan pada tahun 2000, tempat ini telah menjadi salah satu tempat karaoke keluarga terbaik di Indonesia. Menawarkan ruangan privat yang nyaman untuk 4 hingga 30 orang, NAV Family Karaoke Blok M menjanjikan pengalaman karaoke yang menyenangkan dan tak terlupakan. Dengan perangkat layar sentuh yang memudahkan pencarian lagu, Anda dapat menemukan puluhan ribu lagu karaoke dalam berbagai bahasa dan genre, mulai dari lagu top 40, K-pop, hingga lagu rohani. Selain itu, kualitas audio yang prima dan desain ruangan yang modern semakin menambah kenikmatan saat bernyanyi bersama teman atau keluarga. NAV Family Karaoke juga menyediakan berbagai pilihan voucher dan paket karaoke, menjadikannya pilihan yang ekonomis sekaligus menyenangkan. Dengan semua fasilitas ini, Anda dan orang-orang tercinta akan mendapatkan pengalaman karaoke yang mengesankan dan penuh keseruan di NAV Family Karaoke Blok M.',
'https://res.cloudinary.com/dxjm1mdjc/image/upload/v1746947348/d2b208c6-cc44-46f3-b86d-61d31b850929.png',
NULL,
'bec5d417-541c-4ce2-afed-a676973dccd5'),

('Pasar Raya Blok M: 1000 aktivitas untuk semua kalangan',
'Pasaraya Blok M adalah salah satu pusat perbelanjaan yang terletak di kawasan Blok M, Jakarta Selatan, yang terkenal dengan pilihan mal-mal terjangkau. Pusat perbelanjaan ini menawarkan berbagai macam barang dari produk lokal hingga impor dari Tiongkok. Salah satu barang yang banyak diminati pengunjung adalah batik, yang tersedia dalam berbagai desain dan warna. Sebelum Anda memutuskan untuk berbelanja di Pasaraya Blok M, ada beberapa hal yang perlu diketahui. Pusat perbelanjaan ini memiliki beberapa department store yang menawarkan berbagai produk mulai dari fashion hingga elektronik. Selain itu, ada satu lantai di Pasaraya Blok M yang dikhususkan untuk seni, kerajinan, cenderamata, dan produk organik Indonesia seperti kopi dan makanan khas daerah. Lantai ini adalah tempat yang sempurna bagi mereka yang mencari produk otentik Indonesia atau oleh-oleh yang unik. Dengan atmosfer belanja yang nyaman dan beragam pilihan produk, Pasaraya Blok M menjadi destinasi belanja yang menarik bagi penduduk lokal maupun wisatawan. Jangan lupa untuk memperhatikan jam operasional dan mungkin mempersiapkan daftar belanja agar kunjungan Anda lebih efisien dan menyenangkan.',
'https://res.cloudinary.com/dxjm1mdjc/image/upload/v1746947484/0715bd84-1d97-4214-bbcf-18040b4cf0d3.png',
NULL,
'db31e641-effc-4f4a-9857-b4497bdafe3b'),

('Batting Cage Melawai: Practice the skill of batting',
'Nikmati pengalaman olahraga yang menyenangkan di Ubersports Melawai, tempat batting cage terbaik di Indonesia. Di sini, Anda bisa merasakan sensasi memukul bola dengan fasilitas yang dirancang khusus untuk memberikan pengalaman bermain yang maksimal. Baik Anda seorang pemula atau pemain berpengalaman, Ubersports Melawai menawarkan tantangan yang cocok untuk semua tingkat keahlian. Berolahraga sambil bersenang-senang tak pernah semudah ini. Datanglah bersama teman-teman Anda dan rasakan keseruan memukul bola dalam suasana yang penuh semangat. Ubersports Melawai bukan hanya tempat untuk berolahraga, tetapi juga tempat untuk menciptakan kenangan bersama orang-orang terdekat. Dengan fasilitas yang modern dan staf yang ramah, kunjungan Anda ke Ubersports Melawai pasti akan menjadi pengalaman yang tak terlupakan.',
'https://res.cloudinary.com/dxjm1mdjc/image/upload/v1746947914/88179f2c-a2e2-478b-83c5-308f4bf549e4.png',
NULL,
'eb4d28fe-5da1-430c-8a73-ccf0b9cde822'),

('Photomatics Blok-M: Photobooth Kekinian di Blok M',
'Dikutip dari Instagram @photomaticsid, Photomatics Blok M adalah salah satu self photo studio yang trendi di Jakarta. Studio ini menghadirkan mesin pengambil gambar otomatis yang terinspirasi dari konsep foto tahun 1980-an. Dengan bekerja sama dengan shutterculture, Photomatics menawarkan berbagai konsep foto yang menarik dan unik. Pengunjung memiliki kebebasan untuk berpose dengan gaya dan konsep yang diinginkan, serta dapat langsung mencetak foto-foto tersebut setelah sesi berakhir. Untuk harga yang ditawarkan, cukup terjangkau yaitu sebesar Rp165.000. Dengan harga tersebut, pengunjung mendapatkan sesi foto selama 15 menit, jumlah foto yang tak terbatas, ruangan pribadi, 5 cetakan foto, serta semua file dalam format digital. Studio ini juga dapat menampung hingga 12 orang dalam satu sesi. Bagi yang ingin menambahkan sentuhan personal dengan custom print background, dikenakan biaya tambahan sebesar Rp32.000. Photomatics Blok M adalah pilihan sempurna bagi mereka yang ingin mengabadikan momen dengan cara yang unik dan menyenangkan.',
'https://res.cloudinary.com/dxjm1mdjc/image/upload/v1746947693/08238e09-2293-42be-a9bb-5876a724dee8.png',
NULL,
'd1fcfa7c-fe1f-4ee3-a9c3-46532d80fd84'),

('Taman Langsat: Piknik di Ruang Terbuka Hijau',
'Taman Langsat awalnya berfungsi sebagai tempat penampungan bibit tanaman yang dikelola oleh Pemerintah Provinsi DKI Jakarta. Dengan luas area mencapai 3,6 hektar, taman ini dahulu jarang didatangi oleh masyarakat dan lebih dikenal sebagai area penyuluhan pertamanan. Namun, pada tahun 2012, Pemprov DKI Jakarta melakukan renovasi yang signifikan. Perubahan ini membuat Taman Langsat tampil lebih menarik dengan berbagai fasilitas yang memikat perhatian warga. Sejak saat itu, taman ini mulai ramai dikunjungi sebagai salah satu tempat wisata di Jakarta Selatan. Selain berfungsi sebagai tempat rekreasi, Taman Langsat tetap mempertahankan perannya dalam penyuluhan pertamanan. Pengunjung dapat melihat tempat pembudidayaan pohon pakem raja yang juga digunakan sebagai penunjuk arah di jalan-jalan protokol Jakarta dan Istana Negara. Tidak hanya itu, taman ini sering menjadi lokasi pameran flora dan fauna, menambah daya tarik bagi masyarakat yang ingin merasakan suasana alam di tengah hiruk-pikuk kota. Dengan segala daya tariknya, Taman Langsat berhasil menjadi destinasi wisata yang populer di Jakarta.',
'https://res.cloudinary.com/dxjm1mdjc/image/upload/v1746947115/3516ce81-1f9b-4956-a67c-8b7d8e270869.png',
NULL,
'b3b4d14a-9275-4f06-8b43-0fc8f456954b');